0   , 216159 , 0      , 0      , 110    , 110    
1   , 216184 , 0      , 0      , 110    , 110    
2   , 216209 , 0      , 0      , 110    , 110    
3   , 216234 , 0      , 0      , 110    , 110    
4   , 216259 , 0      , 0      , 110    , 110    
5   , 216284 , 0      , 0      , 110    , 110    
6   , 216309 , 0      , 0      , 110    , 110    
7   , 216334 , 0      , 0      , 110    , 110    
8   , 216359 , 0      , 0      , 110    , 110    
9   , 216384 , 0      , 0      , 110    , 110    
10  , 216409 , 0      , 0      , 110    , 110    
11  , 216434 , 0      , 0      , 110    , 110    
12  , 216459 , 0      , 0      , 110    , 110    
13  , 216484 , 0      , 0      , 110    , 110    
14  , 216509 , 0      , 0      , 110    , 110    
15  , 216534 , 0      , 0      , 110    , 110    
16  , 216559 , 0      , 0      , 110    , 110    
17  , 216584 , 0      , 0      , 110    , 110    
18  , 216609 , 0      , 0      , 110    , 110    
19  , 216634 , 0      , 0      , 110    , 110    
20  , 216659 , 0      , 0      , 110    , 110    
21  , 216684 , 0      , 0      , 110    , 110    
22  , 216709 , 0      , 0      , 110    , 110    
23  , 216734 , 0      , 0      , 110    , 110    
24  , 216759 , 0      , 0      , 110    , 110    
25  , 216784 , 0      , 0      , 110    , 110    
26  , 216809 , 0      , 0      , 110    , 110    
27  , 216834 , 0      , 0      , 110    , 110    
28  , 216859 , 0      , 0      , 110    , 110    
29  , 216884 , 0      , 0      , 110    , 110    
30  , 216909 , 0      , 0      , 110    , 110    
31  , 216934 , 0      , 0      , 110    , 110    
32  , 216959 , 0      , 0      , 110    , 110    
33  , 216984 , 0      , 0      , 110    , 110    
34  , 217009 , 0      , 0      , 110    , 110    
35  , 217034 , 0      , 0      , 110    , 110    
36  , 217059 , 0      , 0      , 110    , 110    
37  , 217084 , 0      , 0      , 110    , 110    
38  , 217109 , 0      , 0      , 110    , 110    
39  , 217134 , 0      , 0      , 110    , 110    
40  , 217159 , 0      , 0      , 110    , 110    
41  , 217184 , 0      , 0      , 110    , 110    
42  , 217209 , 0      , 0      , 110    , 110    
43  , 217234 , 0      , 0      , 110    , 110    
44  , 217259 , 0      , 0      , 110    , 110    
45  , 217284 , 0      , 0      , 110    , 110    
46  , 217309 , 0      , 0      , 110    , 110    
47  , 217334 , 0      , 0      , 110    , 110    
48  , 217359 , 0      , 0      , 110    , 110    
49  , 217384 , 0      , 0      , 110    , 110    
50  , 217409 , 0      , 0      , 110    , 110    
51  , 217434 , 0      , 0      , 110    , 110    
52  , 217459 , 0      , 0      , 110    , 110    
53  , 217484 , 0      , 0      , 110    , 110    
54  , 217509 , 0      , 0      , 110    , 110    
55  , 217534 , 0      , 0      , 110    , 110    
56  , 217559 , 0      , 0      , 110    , 110    
57  , 217584 , 0      , 0      , 110    , 110    
58  , 217609 , 0      , 0      , 110    , 110    
59  , 217634 , 0      , 0      , 110    , 110    
60  , 217659 , 0      , 0      , 110    , 110    
61  , 217684 , 0      , 0      , 110    , 110    
62  , 217709 , 0      , 0      , 110    , 110    
63  , 217734 , 0      , 0      , 110    , 110    
64  , 217759 , 0      , 0      , 110    , 110    
65  , 217784 , 0      , 0      , 110    , 110    
66  , 217809 , 0      , 0      , 110    , 110    
67  , 217834 , 0      , 0      , 110    , 110    
68  , 217859 , 0      , 0      , 110    , 110    
69  , 217884 , 0      , 0      , 110    , 110    
70  , 217909 , 0      , 0      , 110    , 110    
71  , 217934 , 0      , 0      , 110    , 110    
72  , 217959 , 0      , 0      , 110    , 110    
73  , 217984 , 0      , 0      , 110    , 110    
74  , 218009 , 0      , 0      , 110    , 110    
75  , 218034 , 0      , 0      , 110    , 110    
76  , 218059 , 0      , 0      , 110    , 110    
77  , 218084 , 0      , 0      , 110    , 110    
78  , 218109 , 0      , 0      , 110    , 110    
79  , 218134 , 0      , 0      , 110    , 110    
80  , 218159 , 0      , 0      , 110    , 110    
81  , 218184 , 0      , 0      , 110    , 110    
82  , 218209 , 0      , 0      , 110    , 110    
83  , 218234 , 0      , 0      , 110    , 110    
84  , 218259 , 0      , 0      , 110    , 110    
85  , 218284 , 0      , 0      , 110    , 110    
86  , 218309 , 0      , 0      , 110    , 110    
87  , 218334 , 0      , 0      , 110    , 110    
88  , 218359 , 0      , 0      , 110    , 110    
89  , 218384 , 0      , 0      , 110    , 110    
90  , 218409 , 0      , 0      , 110    , 110    
91  , 218434 , 0      , 0      , 110    , 110    
92  , 218459 , 0      , 0      , 110    , 110    
93  , 218484 , 0      , 0      , 110    , 110    
94  , 218509 , 0      , 0      , 110    , 110    
95  , 218534 , 0      , 0      , 110    , 110    
96  , 218559 , 0      , 0      , 110    , 110    
97  , 218584 , 0      , 0      , 110    , 110    
98  , 218609 , 0      , 0      , 110    , 110    
99  , 218634 , 0      , 0      , 110    , 110    
100 , 218659 , 0      , 0      , 110    , 110    
101 , 218684 , 0      , 0      , 110    , 110    
102 , 218709 , 0      , 0      , 110    , 110    
103 , 218734 , 0      , 0      , 110    , 110    
104 , 218759 , 0      , 0      , 110    , 110    
105 , 218784 , 0      , 0      , 110    , 110    
106 , 218809 , 0      , 0      , 110    , 110    
107 , 218834 , 0      , 0      , 110    , 110    
108 , 218859 , 0      , 0      , 110    , 110    
109 , 218884 , 0      , 0      , 110    , 110    
110 , 218909 , 0      , 0      , 110    , 110    
111 , 218934 , 0      , 0      , 110    , 110    
112 , 218959 , 0      , 0      , 110    , 110    
113 , 218984 , 0      , 0      , 110    , 110    
114 , 219009 , 0      , 0      , 110    , 110    
115 , 219034 , 0      , 0      , 110    , 110    
116 , 219059 , 0      , 0      , 110    , 110    
117 , 219084 , 0      , 0      , 110    , 110    
118 , 219109 , 0      , 0      , 110    , 110    
119 , 219134 , 0      , 0      , 110    , 110    
120 , 219159 , 0      , 0      , 110    , 110    
121 , 219184 , 0      , 0      , 110    , 110    
122 , 219209 , 0      , 0      , 110    , 110    
123 , 219234 , 0      , 0      , 110    , 110    
124 , 219259 , 0      , 0      , 110    , 110    
125 , 219284 , 0      , 0      , 110    , 110    
126 , 219309 , 0      , 0      , 110    , 110    
127 , 219334 , 0      , 0      , 110    , 110    
128 , 219359 , 0      , 0      , 110    , 110    
129 , 219384 , 0      , 0      , 110    , 110    
130 , 219409 , 0      , 0      , 110    , 110    
131 , 219434 , 0      , 0      , 110    , 110    
132 , 219459 , 0      , 0      , 110    , 110    
133 , 219484 , 0      , 0      , 110    , 110    
134 , 219509 , 0      , 0      , 110    , 110    
135 , 219534 , 0      , 0      , 110    , 110    
136 , 219559 , 0      , 0      , 110    , 110    
137 , 219584 , 0      , 0      , 110    , 110    
138 , 219609 , 0      , 0      , 110    , 110    
139 , 219634 , 0      , 0      , 110    , 110    
140 , 219659 , 0      , 0      , 110    , 110    
141 , 219684 , 0      , 0      , 110    , 110    
142 , 219709 , 0      , 0      , 110    , 110    
143 , 219734 , 0      , 0      , 110    , 110    
144 , 219759 , 0      , 0      , 110    , 110    
145 , 219784 , 0      , 0      , 110    , 110    
146 , 219809 , 0      , 0      , 110    , 110    
147 , 219834 , 0      , 0      , 110    , 110    
148 , 219859 , 0      , 0      , 110    , 110    
149 , 219884 , 0      , 0      , 110    , 110    
150 , 219909 , 0      , 0      , 110    , 110    
151 , 219934 , 0      , 0      , 110    , 110    
152 , 219959 , 0      , 0      , 110    , 110    
153 , 219984 , 0      , 0      , 110    , 110    
154 , 220009 , 0      , 0      , 110    , 110    
155 , 220034 , 0      , 0      , 110    , 110    
156 , 220059 , 0      , 0      , 110    , 110    
157 , 220084 , 0      , 0      , 110    , 110    
158 , 220109 , 0      , 0      , 110    , 110    
159 , 220134 , 0      , 0      , 110    , 110    
160 , 220159 , 0      , 0      , 110    , 110    
161 , 220184 , 0      , 0      , 110    , 110    
162 , 220209 , 0      , 0      , 110    , 110    
163 , 220234 , 0      , 0      , 110    , 110    
164 , 220259 , 0      , 0      , 110    , 110    
165 , 220284 , 0      , 0      , 110    , 110    
166 , 220309 , 0      , 0      , 110    , 110    
167 , 220334 , 0      , 0      , 110    , 110    
168 , 220359 , 0      , 0      , 110    , 110    
169 , 220384 , 0      , 0      , 110    , 110    
170 , 220409 , 0      , 0      , 110    , 110    
171 , 220434 , 0      , 0      , 110    , 110    
172 , 220459 , 0      , 0      , 110    , 110    
173 , 220484 , 0      , 0      , 110    , 110    
174 , 220509 , 0      , 0      , 110    , 110    
175 , 220534 , 0      , 0      , 110    , 110    
176 , 220559 , 0      , 0      , 110    , 110    
177 , 220584 , 0      , 0      , 110    , 110    
178 , 220609 , 0      , 0      , 110    , 110    
179 , 220634 , 0      , 0      , 110    , 110    
180 , 220659 , 0      , 0      , 110    , 110    
181 , 220684 , 0      , 0      , 110    , 110    
182 , 220709 , 0      , 0      , 110    , 110    
183 , 220734 , 0      , 0      , 110    , 110    
184 , 220759 , 0      , 0      , 110    , 110    
185 , 220784 , 0      , 0      , 110    , 110    
186 , 220809 , 0      , 0      , 110    , 110    
187 , 220834 , 0      , 0      , 110    , 110    
188 , 220859 , 0      , 0      , 110    , 110    
189 , 220884 , 0      , 0      , 110    , 110    
190 , 220909 , 0      , 0      , 110    , 110    
191 , 220934 , 0      , 0      , 110    , 110    
192 , 220959 , 0      , 0      , 110    , 110    
193 , 220984 , 0      , 0      , 110    , 110    
194 , 221009 , 0      , 0      , 110    , 110    
195 , 221034 , 0      , 0      , 110    , 110    
196 , 221059 , 0      , 0      , 110    , 110    
197 , 221084 , 0      , 0      , 110    , 110    
198 , 221109 , 0      , 0      , 110    , 110    
199 , 221134 , 0      , 0      , 110    , 110    
200 , 221159 , 0      , 0      , 110    , 110    
201 , 221184 , 0      , 0      , 110    , 110    
202 , 221209 , 0      , 0      , 110    , 110    
203 , 221234 , 0      , 0      , 110    , 110    
204 , 221259 , 0      , 0      , 110    , 110    
205 , 221284 , 0      , 0      , 110    , 110    
206 , 221309 , 0      , 0      , 110    , 110    
207 , 221334 , 0      , 0      , 110    , 110    
208 , 221359 , 0      , 0      , 110    , 110    
209 , 221384 , 0      , 0      , 110    , 110    
210 , 221409 , 0      , 0      , 110    , 110    
211 , 221434 , 0      , 0      , 110    , 110    
212 , 221459 , 0      , 0      , 110    , 110    
213 , 221484 , 0      , 0      , 110    , 110    
214 , 221509 , 0      , 0      , 110    , 110    
215 , 221534 , 0      , 0      , 110    , 110    
216 , 221559 , 0      , 0      , 110    , 110    
217 , 221584 , 0      , 0      , 110    , 110    
218 , 221609 , 0      , 0      , 110    , 110    
219 , 221634 , 0      , 0      , 110    , 110    
220 , 221659 , 0      , 0      , 110    , 110    
221 , 221684 , 0      , 0      , 110    , 110    
222 , 221709 , 0      , 0      , 110    , 110    
223 , 221734 , 0      , 0      , 110    , 110    
224 , 221759 , 0      , 0      , 110    , 110    
225 , 221784 , 0      , 0      , 110    , 110    
226 , 221809 , 0      , 0      , 110    , 110    
227 , 221834 , 0      , 0      , 110    , 110    
228 , 221859 , 0      , 0      , 110    , 110    
229 , 221884 , 0      , 0      , 110    , 110    
230 , 221909 , 0      , 0      , 110    , 110    
231 , 221934 , 0      , 0      , 110    , 110    
232 , 221959 , 0      , 0      , 110    , 110    
233 , 221984 , 0      , 0      , 110    , 110    
234 , 222009 , 0      , 0      , 110    , 110    
235 , 222034 , 0      , 0      , 110    , 110    
236 , 222059 , 0      , 0      , 110    , 110    
237 , 222084 , 0      , 0      , 110    , 110    
238 , 222109 , 0      , 0      , 110    , 110    
239 , 222134 , 0      , 0      , 110    , 110    
240 , 222159 , 0      , 0      , 110    , 110    
241 , 222184 , 0      , 0      , 110    , 110    
242 , 222209 , 0      , 0      , 110    , 110    
243 , 222234 , 0      , 0      , 110    , 110    
244 , 222259 , 0      , 0      , 110    , 110    
245 , 222284 , 0      , 0      , 110    , 110    
246 , 222309 , 0      , 0      , 110    , 110    
247 , 222334 , 0      , 0      , 110    , 110    
248 , 222359 , 0      , 0      , 110    , 110    
249 , 222384 , 0      , 0      , 110    , 110    
250 , 222409 , 0      , 0      , 110    , 110    
251 , 222434 , 0      , 0      , 110    , 110    
252 , 222459 , 0      , 0      , 110    , 110    
253 , 222484 , 0      , 0      , 110    , 110    
254 , 222509 , 0      , 0      , 110    , 110    
255 , 222534 , 0      , 0      , 110    , 110    
256 , 222559 , 0      , 0      , 110    , 110    
257 , 222584 , 0      , 0      , 110    , 110    
258 , 222609 , 0      , 0      , 110    , 110    
259 , 222634 , 0      , 0      , 110    , 110    
260 , 222659 , 0      , 0      , 110    , 110    
261 , 222684 , 0      , 0      , 110    , 110    
262 , 222709 , 0      , 0      , 110    , 110    
263 , 222734 , 0      , 0      , 110    , 110    
264 , 222759 , 0      , 0      , 110    , 110    
265 , 222784 , 0      , 0      , 110    , 110    
266 , 222809 , 0      , 0      , 110    , 110    
267 , 222834 , 0      , 0      , 110    , 110    
268 , 222859 , 0      , 0      , 110    , 110    
269 , 222884 , 0      , 0      , 110    , 110    
270 , 222909 , 0      , 0      , 110    , 110    
271 , 222934 , 0      , 0      , 110    , 110    
272 , 222959 , 0      , 0      , 110    , 110    
273 , 222984 , 0      , 0      , 110    , 110    
274 , 223009 , 0      , 0      , 110    , 110    
275 , 223034 , 0      , 0      , 110    , 110    
276 , 223059 , 0      , 0      , 110    , 110    
277 , 223084 , 0      , 0      , 110    , 110    
278 , 223109 , 0      , 0      , 110    , 110    
279 , 223134 , 0      , 0      , 110    , 110    
280 , 223159 , 0      , 0      , 110    , 110    
281 , 223184 , 0      , 0      , 110    , 110    
282 , 223209 , 0      , 0      , 110    , 110    
283 , 223234 , 0      , 0      , 110    , 110    
284 , 223259 , 0      , 0      , 110    , 110    
285 , 223284 , 0      , 0      , 110    , 110    
286 , 223309 , 0      , 0      , 110    , 110    
287 , 223334 , 0      , 0      , 110    , 110    
288 , 223359 , 0      , 0      , 110    , 110    
289 , 223384 , 0      , 0      , 110    , 110    
290 , 223409 , 0      , 0      , 110    , 110    
291 , 223434 , 0      , 0      , 110    , 110    
292 , 223459 , 0      , 0      , 110    , 110    
293 , 223484 , 0      , 0      , 110    , 110    
294 , 223509 , 0      , 0      , 110    , 110    
295 , 223534 , 0      , 0      , 110    , 110    
296 , 223559 , 0      , 0      , 110    , 110    
297 , 223584 , 0      , 0      , 110    , 110    
298 , 223609 , 0      , 0      , 110    , 110    
299 , 223634 , 0      , 0      , 110    , 110    
300 , 223659 , 0      , 0      , 110    , 110    
301 , 223684 , 0      , 0      , 110    , 110    
302 , 223709 , 0      , 0      , 110    , 110    
303 , 223734 , 0      , 0      , 110    , 110    
304 , 223759 , 0      , 0      , 110    , 110    
305 , 223784 , 0      , 0      , 110    , 110    
306 , 223809 , 0      , 0      , 110    , 110    
307 , 223834 , 0      , 0      , 110    , 110    
308 , 223859 , 0      , 0      , 110    , 110    
309 , 223884 , 0      , 0      , 110    , 110    
310 , 223909 , 0      , 0      , 110    , 110    
311 , 223934 , 0      , 0      , 110    , 110    
312 , 223959 , 0      , 0      , 110    , 110    
313 , 223984 , 0      , 0      , 110    , 110    
314 , 224009 , 0      , 0      , 110    , 110    
315 , 224034 , 0      , 0      , 110    , 110    
316 , 224059 , 0      , 0      , 110    , 110    
317 , 224084 , 0      , 0      , 110    , 110    
318 , 224109 , 0      , 0      , 110    , 110    
319 , 224134 , 0      , 0      , 110    , 110    
320 , 224159 , 0      , 0      , 110    , 110    
321 , 224184 , 0      , 0      , 110    , 110    
322 , 224209 , 0      , 0      , 110    , 110    
323 , 224234 , 0      , 0      , 110    , 110    
324 , 224259 , 0      , 0      , 110    , 110    
325 , 224284 , 0      , 0      , 110    , 110    
326 , 224309 , 0      , 0      , 110    , 110    
327 , 224334 , 0      , 0      , 110    , 110    
328 , 224359 , 0      , 0      , 110    , 110    
329 , 224384 , 0      , 0      , 110    , 110    
330 , 224409 , 0      , 0      , 110    , 110    
331 , 224434 , 0      , 0      , 110    , 110    
332 , 224459 , 0      , 0      , 110    , 110    
333 , 224484 , 0      , 0      , 110    , 110    
334 , 224509 , 0      , 0      , 110    , 110    
335 , 224534 , 0      , 0      , 110    , 110    
336 , 224559 , 0      , 0      , 110    , 110    
337 , 224584 , 0      , 0      , 110    , 110    
338 , 224609 , 0      , 0      , 110    , 110    
339 , 224634 , 0      , 0      , 110    , 110    
340 , 224659 , 0      , 0      , 110    , 110    
341 , 224684 , 0      , 0      , 110    , 110    
342 , 224709 , 0      , 0      , 110    , 110    
343 , 224734 , 0      , 0      , 110    , 110    
344 , 224759 , 0      , 0      , 110    , 110    
345 , 224784 , 0      , 0      , 110    , 110    
346 , 224809 , 0      , 0      , 110    , 110    
347 , 224834 , 0      , 0      , 110    , 110    
348 , 224859 , 0      , 0      , 110    , 110    
349 , 224884 , 0      , 0      , 110    , 110    
350 , 224909 , 0      , 0      , 110    , 110    
351 , 224934 , 0      , 0      , 110    , 110    
352 , 224959 , 0      , 0      , 110    , 110    
353 , 224984 , 0      , 0      , 110    , 110    
354 , 225009 , 0      , 0      , 110    , 110    
355 , 225034 , 0      , 0      , 110    , 110    
356 , 225059 , 0      , 0      , 110    , 110    
357 , 225084 , 0      , 0      , 110    , 110    
358 , 225109 , 0      , 0      , 110    , 110    
359 , 225134 , 0      , 0      , 110    , 110    
360 , 225159 , 0      , 0      , 110    , 110    
361 , 225184 , 0      , 0      , 110    , 110    
362 , 225209 , 0      , 0      , 110    , 110    
363 , 225234 , 0      , 0      , 110    , 110    
364 , 225259 , 0      , 0      , 110    , 110    
365 , 225284 , 0      , 0      , 110    , 110    
366 , 225309 , 0      , 0      , 110    , 110    
367 , 225334 , 0      , 0      , 110    , 110    
368 , 225359 , 0      , 0      , 110    , 110    
369 , 225384 , 0      , 0      , 110    , 110    
370 , 225409 , 0      , 0      , 110    , 110    
371 , 225434 , 0      , 0      , 110    , 110    
372 , 225459 , 0      , 0      , 110    , 110    
373 , 225484 , 0      , 0      , 110    , 110    
374 , 225509 , 0      , 0      , 110    , 110    
375 , 225534 , 0      , 0      , 110    , 110    
376 , 225559 , 0      , 0      , 110    , 110    
377 , 225584 , 0      , 0      , 110    , 110    
378 , 225609 , 0      , 0      , 110    , 110    
379 , 225634 , 0      , 0      , 110    , 110    
380 , 225659 , 0      , 0      , 110    , 110    
381 , 225684 , 0      , 0      , 110    , 110    
382 , 225709 , 0      , 0      , 110    , 110    
383 , 225734 , 0      , 0      , 110    , 110    
384 , 225759 , 0      , 0      , 110    , 110    
385 , 225784 , 0      , 0      , 110    , 110    
386 , 225809 , 0      , 0      , 110    , 110    
387 , 225834 , 0      , 0      , 110    , 110    
388 , 225859 , 0      , 0      , 110    , 110    
389 , 225884 , 0      , 0      , 110    , 110    
390 , 225909 , 0      , 0      , 110    , 110    
391 , 225934 , 0      , 0      , 110    , 110    
392 , 225959 , 0      , 0      , 110    , 110    
393 , 225984 , 0      , 0      , 110    , 110    
394 , 226009 , 0      , 0      , 110    , 110    
395 , 226034 , 0      , 0      , 110    , 110    
396 , 226059 , 0      , 0      , 110    , 110    
397 , 226084 , 0      , 0      , 110    , 110    
398 , 226109 , 0      , 0      , 110    , 110    
399 , 226134 , 0      , 0      , 110    , 110    
400 , 226159 , 0      , 0      , 110    , 110    
401 , 226184 , 0      , 0      , 110    , 110    
402 , 226209 , 0      , 0      , 110    , 110    
403 , 226234 , 0      , 0      , 110    , 110    
404 , 226259 , 0      , 0      , 110    , 110    
405 , 226284 , 0      , 0      , 110    , 110    
406 , 226309 , 0      , 0      , 110    , 110    
407 , 226334 , 0      , 0      , 110    , 110    
408 , 226359 , 0      , 0      , 110    , 110    
409 , 226384 , 0      , 0      , 110    , 110    
410 , 226409 , 0      , 0      , 110    , 110    
411 , 226434 , 0      , 0      , 110    , 110    
412 , 226459 , 0      , 0      , 110    , 110    
413 , 226484 , 0      , 0      , 110    , 110    
414 , 226509 , 0      , 0      , 110    , 110    
415 , 226534 , 0      , 0      , 110    , 110    
416 , 226559 , 0      , 0      , 110    , 110    
417 , 226584 , 0      , 0      , 110    , 110    
418 , 226609 , 0      , 0      , 110    , 110    
419 , 226634 , 0      , 0      , 110    , 110    
420 , 226659 , 0      , 0      , 110    , 110    
421 , 226684 , 0      , 0      , 110    , 110    
422 , 226709 , 0      , 0      , 110    , 110    
423 , 226734 , 0      , 0      , 110    , 110    
424 , 226759 , 0      , 0      , 110    , 110    
425 , 226784 , 0      , 0      , 110    , 110    
426 , 226809 , 0      , 0      , 110    , 110    
427 , 226834 , 0      , 0      , 110    , 110    
428 , 226859 , 0      , 0      , 110    , 110    
429 , 226884 , 0      , 0      , 110    , 110    
430 , 227959 , 36     , 35     , 110    , 105    
431 , 227984 , 50     , 48     , 108    , 105    
432 , 228009 , 50     , 48     , 108    , 105    
433 , 228034 , 50     , 48     , 108    , 105    
434 , 228059 , 50     , 48     , 108    , 105    
435 , 228084 , 66     , 66     , 104    , 101    
436 , 228109 , 66     , 66     , 104    , 101    
437 , 228134 , 66     , 66     , 104    , 101    
438 , 228159 , 66     , 66     , 104    , 101    
439 , 228184 , 80     , 83     , 98     , 94     
440 , 228209 , 80     , 83     , 98     , 94     
441 , 228234 , 80     , 83     , 98     , 94     
442 , 228259 , 80     , 83     , 98     , 94     
443 , 228284 , 93     , 98     , 94     , 86     
444 , 228309 , 93     , 98     , 94     , 86     
445 , 228334 , 93     , 98     , 94     , 86     
446 , 228359 , 93     , 98     , 94     , 86     
447 , 228384 , 108    , 111    , 90     , 80     
448 , 228409 , 108    , 111    , 90     , 80     
449 , 228434 , 108    , 111    , 90     , 80     
450 , 228459 , 108    , 111    , 90     , 80     
451 , 228484 , 120    , 123    , 84     , 76     
452 , 228509 , 120    , 123    , 84     , 76     
453 , 228534 , 120    , 123    , 84     , 76     
454 , 228559 , 120    , 123    , 84     , 76     
455 , 228584 , 128    , 131    , 80     , 72     
456 , 228609 , 128    , 131    , 80     , 72     
457 , 228634 , 128    , 131    , 80     , 72     
458 , 228659 , 128    , 131    , 80     , 72     
459 , 228684 , 140    , 145    , 80     , 71     
460 , 228709 , 140    , 145    , 80     , 71     
461 , 228734 , 140    , 145    , 80     , 71     
462 , 228759 , 140    , 145    , 80     , 71     
463 , 228784 , 145    , 153    , 76     , 65     
464 , 228809 , 145    , 153    , 76     , 65     
465 , 228834 , 145    , 153    , 76     , 65     
466 , 228859 , 145    , 153    , 76     , 65     
467 , 228884 , 158    , 165    , 77     , 64     
468 , 228909 , 158    , 165    , 77     , 64     
469 , 228934 , 158    , 165    , 77     , 64     
470 , 228959 , 158    , 165    , 77     , 64     
471 , 228984 , 163    , 173    , 72     , 60     
472 , 229009 , 163    , 173    , 72     , 60     
473 , 229034 , 163    , 173    , 72     , 60     
474 , 229059 , 163    , 173    , 72     , 60     
475 , 229084 , 170    , 185    , 73     , 58     
476 , 229109 , 170    , 185    , 73     , 58     
477 , 229134 , 170    , 185    , 73     , 58     
478 , 229159 , 170    , 185    , 73     , 58     
479 , 229184 , 175    , 190    , 73     , 53     
480 , 229209 , 175    , 190    , 73     , 53     
481 , 229234 , 213    , 225    , 110    , 110    
482 , 229259 , 225    , 250    , 110    , 110    
483 , 229284 , 233    , 258    , 110    , 110    
484 , 229309 , 258    , 258    , 110    , 110    
485 , 229334 , 258    , 258    , 110    , 110    
486 , 229359 , 258    , 258    , 110    , 110    
487 , 229384 , 258    , 258    , 110    , 110    
488 , 229409 , 215    , 235    , 109    , 110    
489 , 229434 , 215    , 235    , 109    , 110    
490 , 229459 , 215    , 235    , 109    , 110    
491 , 229484 , 215    , 235    , 109    , 110    
492 , 229509 , 251    , 268    , 110    , 110    
493 , 229534 , 251    , 268    , 110    , 110    
494 , 229559 , 251    , 268    , 110    , 110    
495 , 229584 , 251    , 268    , 110    , 110    
496 , 229609 , 278    , 295    , 105    , 105    
497 , 229634 , 278    , 295    , 105    , 105    
498 , 229659 , 278    , 295    , 105    , 105    
499 , 229684 , 278    , 295    , 105    , 105    
500 , 229709 , 308    , 325    , 102    , 101    
501 , 229734 , 308    , 325    , 102    , 101    
502 , 229759 , 308    , 325    , 102    , 101    
503 , 229784 , 308    , 325    , 102    , 101    
504 , 229809 , 330    , 351    , 96     , 94     
505 , 229834 , 330    , 351    , 96     , 94     
506 , 229859 , 330    , 351    , 96     , 94     
507 , 229884 , 330    , 351    , 96     , 94     
508 , 229909 , 356    , 371    , 93     , 88     
509 , 229934 , 356    , 371    , 93     , 88     
510 , 229959 , 356    , 371    , 93     , 88     
511 , 229984 , 356    , 371    , 93     , 88     
512 , 230009 , 371    , 395    , 87     , 83     
513 , 230034 , 371    , 395    , 87     , 83     
514 , 230059 , 371    , 395    , 87     , 83     
515 , 230084 , 371    , 395    , 87     , 83     
516 , 230109 , 395    , 411    , 84     , 76     
517 , 230134 , 395    , 411    , 84     , 76     
518 , 230159 , 395    , 411    , 84     , 76     
519 , 230184 , 395    , 411    , 84     , 76     
520 , 230209 , 410    , 426    , 77     , 71     
521 , 230234 , 410    , 426    , 77     , 71     
522 , 230259 , 410    , 426    , 77     , 71     
523 , 230284 , 410    , 426    , 77     , 71     
524 , 230309 , 423    , 433    , 73     , 65     
525 , 230334 , 423    , 433    , 73     , 65     
526 , 230359 , 423    , 433    , 73     , 65     
527 , 230384 , 423    , 433    , 73     , 65     
528 , 230409 , 433    , 438    , 68     , 63     
529 , 230434 , 433    , 438    , 68     , 63     
530 , 230459 , 433    , 438    , 68     , 63     
531 , 230484 , 433    , 438    , 68     , 63     
532 , 230509 , 440    , 445    , 65     , 61     
533 , 230534 , 440    , 445    , 65     , 61     
534 , 230559 , 440    , 445    , 65     , 61     
535 , 230584 , 440    , 445    , 65     , 61     
536 , 230609 , 440    , 445    , 65     , 57     
537 , 230634 , 440    , 445    , 65     , 57     
538 , 230659 , 440    , 445    , 65     , 57     
539 , 230684 , 440    , 445    , 65     , 57     
540 , 230709 , 441    , 450    , 65     , 57     
541 , 230734 , 441    , 450    , 65     , 57     
542 , 230759 , 441    , 450    , 65     , 57     
543 , 230784 , 441    , 450    , 65     , 57     
544 , 230809 , 445    , 451    , 58     , 53     
545 , 230834 , 445    , 451    , 58     , 53     
546 , 230859 , 445    , 451    , 58     , 53     
547 , 230884 , 445    , 451    , 58     , 53     
548 , 230909 , 446    , 455    , 54     , 52     
549 , 230934 , 446    , 455    , 54     , 52     
550 , 230959 , 446    , 455    , 54     , 52     
551 , 230984 , 446    , 455    , 54     , 52     
552 , 231009 , 445    , 448    , 53     , 48     
553 , 231034 , 445    , 448    , 53     , 48     
554 , 231059 , 445    , 448    , 53     , 48     
555 , 231084 , 445    , 448    , 53     , 48     
556 , 231109 , 445    , 455    , 54     , 54     
557 , 231134 , 445    , 455    , 54     , 54     
558 , 231159 , 445    , 455    , 54     , 54     
559 , 231184 , 445    , 455    , 54     , 54     
560 , 231209 , 445    , 451    , 54     , 48     
561 , 231234 , 445    , 451    , 54     , 48     
562 , 231259 , 445    , 451    , 54     , 48     
563 , 231284 , 445    , 451    , 54     , 48     
564 , 231309 , 441    , 458    , 54     , 51     
565 , 231334 , 441    , 458    , 54     , 51     
566 , 231359 , 441    , 458    , 54     , 51     
567 , 231384 , 441    , 458    , 54     , 51     
568 , 231409 , 443    , 451    , 57     , 45     
569 , 231434 , 443    , 451    , 57     , 45     
570 , 231459 , 443    , 451    , 57     , 45     
571 , 231484 , 443    , 451    , 57     , 45     
572 , 231509 , 441    , 453    , 56     , 50     
573 , 231534 , 441    , 453    , 56     , 50     
574 , 231559 , 441    , 453    , 56     , 50     
575 , 231584 , 441    , 453    , 56     , 50     
576 , 231609 , 441    , 453    , 57     , 48     
577 , 231634 , 441    , 453    , 57     , 48     
578 , 231659 , 441    , 453    , 57     , 48     
579 , 231684 , 441    , 453    , 57     , 48     
580 , 231709 , 445    , 455    , 57     , 48     
581 , 231734 , 445    , 455    , 57     , 48     
582 , 231759 , 445    , 455    , 57     , 48     
583 , 231784 , 445    , 455    , 57     , 48     
584 , 231809 , 438    , 451    , 54     , 46     
585 , 231834 , 438    , 451    , 54     , 46     
586 , 231859 , 438    , 451    , 54     , 46     
587 , 231884 , 438    , 451    , 54     , 46     
588 , 231909 , 443    , 451    , 60     , 49     
589 , 231934 , 443    , 451    , 60     , 49     
590 , 231959 , 443    , 451    , 60     , 49     
591 , 231984 , 443    , 451    , 60     , 49     
592 , 232009 , 440    , 455    , 55     , 49     
593 , 232034 , 440    , 455    , 55     , 49     
594 , 232059 , 440    , 455    , 55     , 49     
595 , 232084 , 440    , 455    , 55     , 49     
596 , 232109 , 445    , 453    , 55     , 45     
597 , 232134 , 445    , 453    , 55     , 45     
598 , 232159 , 445    , 453    , 55     , 45     
599 , 232184 , 445    , 453    , 55     , 45     
600 , 232209 , 441    , 453    , 54     , 47     
601 , 232234 , 441    , 453    , 54     , 47     
602 , 232259 , 441    , 453    , 54     , 47     
603 , 232284 , 441    , 453    , 54     , 47     
604 , 232309 , 443    , 453    , 57     , 47     
605 , 232334 , 443    , 453    , 57     , 47     
606 , 232359 , 443    , 453    , 57     , 47     
607 , 232384 , 443    , 453    , 57     , 47     
608 , 232409 , 440    , 451    , 55     , 46     
609 , 232434 , 440    , 451    , 55     , 46     
610 , 232459 , 440    , 451    , 55     , 46     
611 , 232484 , 440    , 451    , 55     , 46     
612 , 232509 , 441    , 451    , 55     , 48     
613 , 232534 , 441    , 451    , 55     , 48     
614 , 232559 , 441    , 451    , 55     , 48     
615 , 232584 , 441    , 451    , 55     , 48     
616 , 232609 , 441    , 450    , 57     , 48     
617 , 232634 , 441    , 450    , 57     , 48     
618 , 232659 , 441    , 450    , 57     , 48     
619 , 232684 , 441    , 450    , 57     , 48     
620 , 232709 , 443    , 453    , 57     , 48     
621 , 232734 , 443    , 453    , 57     , 48     
622 , 232759 , 443    , 453    , 57     , 48     
623 , 232784 , 443    , 453    , 57     , 48     
624 , 232809 , 440    , 450    , 55     , 45     
625 , 232834 , 440    , 450    , 55     , 45     
626 , 232859 , 440    , 450    , 55     , 45     
627 , 232884 , 440    , 450    , 55     , 45     
628 , 232909 , 440    , 451    , 55     , 48     
629 , 232934 , 440    , 451    , 55     , 48     
630 , 232959 , 440    , 451    , 55     , 48     
631 , 232984 , 440    , 451    , 55     , 48     
632 , 233009 , 443    , 453    , 55     , 47     
633 , 233034 , 443    , 453    , 55     , 47     
634 , 233060 , 443    , 453    , 55     , 47     
635 , 233086 , 443    , 453    , 55     , 47     
636 , 233111 , 436    , 448    , 55     , 45     
637 , 233136 , 436    , 448    , 55     , 45     
638 , 233161 , 436    , 448    , 55     , 45     
639 , 233186 , 436    , 448    , 55     , 45     
640 , 233211 , 440    , 453    , 61     , 49     
641 , 233236 , 440    , 453    , 61     , 49     
642 , 233261 , 440    , 453    , 61     , 49     
643 , 233286 , 440    , 453    , 61     , 49     
644 , 233311 , 443    , 446    , 61     , 44     
645 , 233336 , 443    , 446    , 61     , 44     
646 , 233361 , 443    , 446    , 61     , 44     
647 , 233386 , 443    , 446    , 61     , 44     
648 , 233411 , 438    , 453    , 55     , 50     
649 , 233436 , 438    , 453    , 55     , 50     
650 , 233461 , 438    , 453    , 55     , 50     
651 , 233486 , 438    , 453    , 55     , 50     
652 , 233511 , 441    , 450    , 59     , 44     
653 , 233536 , 441    , 450    , 59     , 44     
654 , 233561 , 441    , 450    , 59     , 44     
655 , 233586 , 441    , 450    , 59     , 44     
656 , 233611 , 445    , 453    , 57     , 46     
657 , 233636 , 445    , 453    , 57     , 46     
658 , 233661 , 445    , 453    , 57     , 46     
659 , 233686 , 445    , 453    , 57     , 46     
660 , 233711 , 441    , 450    , 53     , 43     
661 , 233736 , 441    , 450    , 53     , 43     
662 , 233761 , 441    , 450    , 53     , 43     
663 , 233786 , 441    , 450    , 53     , 43     
664 , 233811 , 443    , 450    , 57     , 46     
665 , 233836 , 443    , 450    , 57     , 46     
666 , 233861 , 443    , 450    , 57     , 46     
667 , 233886 , 443    , 450    , 57     , 46     
668 , 233911 , 443    , 451    , 55     , 46     
669 , 233936 , 443    , 451    , 55     , 46     
670 , 233961 , 443    , 451    , 55     , 46     
671 , 233986 , 443    , 451    , 55     , 46     
672 , 234011 , 440    , 450    , 55     , 45     
673 , 234036 , 440    , 450    , 55     , 45     
674 , 234061 , 440    , 450    , 55     , 45     
675 , 234086 , 440    , 450    , 55     , 45     
676 , 234111 , 443    , 448    , 55     , 45     
677 , 234136 , 443    , 448    , 55     , 45     
678 , 234161 , 443    , 448    , 55     , 45     
679 , 234186 , 443    , 448    , 55     , 45     
680 , 234211 , 441    , 446    , 55     , 47     
681 , 234236 , 441    , 446    , 55     , 47     
682 , 234261 , 441    , 446    , 55     , 47     
683 , 234286 , 441    , 446    , 55     , 47     
684 , 234311 , 441    , 448    , 56     , 48     
685 , 234336 , 441    , 448    , 56     , 48     
686 , 234361 , 441    , 448    , 56     , 48     
687 , 234386 , 441    , 448    , 56     , 48     
688 , 234411 , 443    , 448    , 56     , 46     
689 , 234436 , 443    , 448    , 56     , 46     
690 , 234461 , 443    , 448    , 56     , 46     
691 , 234486 , 443    , 448    , 56     , 46     
692 , 234511 , 440    , 446    , 55     , 46     
693 , 234536 , 440    , 446    , 55     , 46     
694 , 234561 , 440    , 446    , 55     , 46     
695 , 234586 , 440    , 446    , 55     , 46     
696 , 234611 , 440    , 446    , 55     , 48     
697 , 234636 , 440    , 446    , 55     , 48     
698 , 234661 , 440    , 446    , 55     , 48     
699 , 234686 , 440    , 446    , 55     , 48     
700 , 234711 , 441    , 448    , 55     , 48     
701 , 234736 , 441    , 448    , 55     , 48     
702 , 234761 , 441    , 448    , 55     , 48     
703 , 234786 , 441    , 448    , 55     , 48     
704 , 234811 , 440    , 448    , 56     , 46     
705 , 234836 , 440    , 448    , 56     , 46     
706 , 234861 , 440    , 448    , 56     , 46     
707 , 234886 , 440    , 448    , 56     , 46     
708 , 234911 , 438    , 446    , 56     , 46     
709 , 234936 , 438    , 446    , 56     , 46     
710 , 234961 , 438    , 446    , 56     , 46     
711 , 234986 , 438    , 446    , 56     , 46     
712 , 235011 , 440    , 446    , 59     , 47     
713 , 235036 , 440    , 446    , 59     , 47     
714 , 235061 , 440    , 446    , 59     , 47     
715 , 235086 , 440    , 446    , 59     , 47     
716 , 235111 , 440    , 450    , 59     , 47     
717 , 235136 , 440    , 450    , 59     , 47     
718 , 235161 , 440    , 450    , 59     , 47     
719 , 235186 , 440    , 450    , 59     , 47     
720 , 235211 , 440    , 446    , 59     , 44     
721 , 235236 , 440    , 446    , 59     , 44     
722 , 235261 , 440    , 446    , 59     , 44     
723 , 235286 , 440    , 446    , 59     , 44     
724 , 235311 , 440    , 446    , 59     , 47     
725 , 235336 , 440    , 446    , 59     , 47     
726 , 235361 , 440    , 446    , 59     , 47     
727 , 235386 , 440    , 446    , 59     , 47     
728 , 235411 , 446    , 446    , 59     , 47     
729 , 235436 , 446    , 446    , 59     , 47     
730 , 235461 , 446    , 446    , 59     , 47     
731 , 235486 , 446    , 446    , 59     , 47     
732 , 235511 , 440    , 450    , 52     , 47     
733 , 235536 , 440    , 450    , 52     , 47     
734 , 235561 , 440    , 450    , 52     , 47     
735 , 235586 , 440    , 450    , 52     , 47     
736 , 235611 , 443    , 446    , 52     , 43     
737 , 235636 , 443    , 446    , 52     , 43     
738 , 235661 , 443    , 446    , 52     , 43     
739 , 235686 , 443    , 446    , 52     , 43     
740 , 235711 , 443    , 446    , 55     , 46     
741 , 235736 , 443    , 446    , 55     , 46     
742 , 235761 , 443    , 446    , 55     , 46     
743 , 235786 , 443    , 446    , 55     , 46     
744 , 235811 , 441    , 450    , 54     , 46     
745 , 235836 , 441    , 450    , 54     , 46     
746 , 235861 , 441    , 450    , 54     , 46     
747 , 235886 , 441    , 450    , 54     , 46     
748 , 235911 , 441    , 445    , 56     , 43     
749 , 235936 , 441    , 445    , 56     , 43     
750 , 235961 , 441    , 445    , 56     , 43     
751 , 235986 , 441    , 445    , 56     , 43     
752 , 236011 , 441    , 445    , 56     , 47     
753 , 236036 , 441    , 445    , 56     , 47     
754 , 236061 , 441    , 445    , 56     , 47     
755 , 236086 , 441    , 445    , 56     , 47     
756 , 236111 , 438    , 448    , 56     , 47     
757 , 236136 , 438    , 448    , 56     , 47     
758 , 236161 , 438    , 448    , 56     , 47     
759 , 236186 , 438    , 448    , 56     , 47     
760 , 236211 , 443    , 448    , 59     , 44     
761 , 236236 , 443    , 448    , 59     , 44     
762 , 236261 , 443    , 448    , 59     , 44     
763 , 236286 , 443    , 448    , 59     , 44     
764 , 236311 , 440    , 445    , 54     , 44     
765 , 236336 , 440    , 445    , 54     , 44     
766 , 236361 , 440    , 445    , 54     , 44     
767 , 236386 , 440    , 445    , 54     , 44     
768 , 236411 , 440    , 443    , 54     , 46     
769 , 236436 , 440    , 443    , 54     , 46     
770 , 236461 , 440    , 443    , 54     , 46     
771 , 236486 , 440    , 443    , 54     , 46     
772 , 236511 , 440    , 446    , 54     , 48     
773 , 236536 , 440    , 446    , 54     , 48     
774 , 236561 , 440    , 446    , 54     , 48     
775 , 236586 , 440    , 446    , 54     , 48     
776 , 236611 , 441    , 445    , 54     , 45     
777 , 236636 , 441    , 445    , 54     , 45     
778 , 236661 , 441    , 445    , 54     , 45     
779 , 236686 , 441    , 445    , 54     , 45     
780 , 236711 , 440    , 446    , 56     , 46     
781 , 236736 , 440    , 446    , 56     , 46     
782 , 236761 , 440    , 446    , 56     , 46     
783 , 236786 , 440    , 446    , 56     , 46     
784 , 236811 , 438    , 441    , 56     , 45     
785 , 236836 , 438    , 441    , 56     , 45     
786 , 236861 , 438    , 441    , 56     , 45     
787 , 236886 , 438    , 441    , 56     , 45     
788 , 236911 , 441    , 448    , 59     , 49     
789 , 236936 , 441    , 448    , 59     , 49     
790 , 236961 , 441    , 448    , 59     , 49     
791 , 236986 , 441    , 448    , 59     , 49     
792 , 237011 , 438    , 443    , 56     , 43     
793 , 237036 , 438    , 443    , 56     , 43     
794 , 237061 , 438    , 443    , 56     , 43     
795 , 237086 , 438    , 443    , 56     , 43     
796 , 237111 , 441    , 446    , 59     , 47     
797 , 237136 , 441    , 446    , 59     , 47     
798 , 237161 , 441    , 446    , 59     , 47     
799 , 237186 , 441    , 446    , 59     , 47     
800 , 237211 , 438    , 445    , 56     , 45     
801 , 237236 , 438    , 445    , 56     , 45     
802 , 237261 , 438    , 445    , 56     , 45     
803 , 237286 , 438    , 445    , 56     , 45     
804 , 237311 , 440    , 443    , 59     , 45     
805 , 237336 , 440    , 443    , 59     , 45     
806 , 237361 , 440    , 443    , 59     , 45     
807 , 237386 , 440    , 443    , 59     , 45     
808 , 237411 , 440    , 445    , 59     , 47     
809 , 237436 , 440    , 445    , 59     , 47     
810 , 237461 , 440    , 445    , 59     , 47     
811 , 237486 , 440    , 445    , 59     , 47     
812 , 237511 , 440    , 445    , 59     , 45     
813 , 237536 , 440    , 445    , 59     , 45     
814 , 237561 , 440    , 445    , 59     , 45     
815 , 237586 , 440    , 445    , 59     , 45     
816 , 237611 , 440    , 445    , 59     , 45     
817 , 237636 , 440    , 445    , 59     , 45     
818 , 237661 , 440    , 445    , 59     , 45     
819 , 237686 , 440    , 445    , 59     , 45     
820 , 237711 , 440    , 445    , 59     , 45     
821 , 237736 , 440    , 445    , 59     , 45     
822 , 237761 , 440    , 445    , 59     , 45     
823 , 237786 , 440    , 445    , 59     , 45     
824 , 237811 , 441    , 443    , 59     , 45     
825 , 237836 , 441    , 443    , 59     , 45     
826 , 237861 , 441    , 443    , 59     , 45     
827 , 237886 , 441    , 443    , 59     , 45     
828 , 237911 , 441    , 441    , 56     , 47     
829 , 237936 , 441    , 441    , 56     , 47     
830 , 237961 , 441    , 441    , 56     , 47     
831 , 237986 , 441    , 441    , 56     , 47     
832 , 238011 , 443    , 446    , 56     , 48     
833 , 238036 , 443    , 446    , 56     , 48     
834 , 238061 , 443    , 446    , 56     , 48     
835 , 238086 , 443    , 446    , 56     , 48     
836 , 238111 , 440    , 441    , 54     , 44     
837 , 238136 , 440    , 441    , 54     , 44     
838 , 238161 , 440    , 441    , 54     , 44     
839 , 238186 , 440    , 441    , 54     , 44     
840 , 238211 , 443    , 443    , 54     , 48     
841 , 238236 , 443    , 443    , 54     , 48     
842 , 238261 , 443    , 443    , 54     , 48     
843 , 238286 , 443    , 443    , 54     , 48     
844 , 238311 , 440    , 445    , 54     , 46     
845 , 238336 , 440    , 445    , 54     , 46     
846 , 238361 , 440    , 445    , 54     , 46     
847 , 238386 , 440    , 445    , 54     , 46     
848 , 238411 , 440    , 443    , 54     , 45     
849 , 238436 , 440    , 443    , 54     , 45     
850 , 238461 , 440    , 443    , 54     , 45     
851 , 238486 , 440    , 443    , 54     , 45     
852 , 238511 , 356    , 358    , 54     , 46     
853 , 238536 , 356    , 358    , 54     , 46     
854 , 238561 , 356    , 358    , 54     , 46     
855 , 238586 , 356    , 358    , 54     , 46     
856 , 238611 , 356    , 360    , 110    , 110    
857 , 238636 , 356    , 360    , 110    , 110    
858 , 238661 , 356    , 360    , 110    , 110    
859 , 238686 , 356    , 360    , 110    , 110    
860 , 238711 , 363    , 363    , 110    , 109    
861 , 238736 , 363    , 363    , 110    , 109    
862 , 238761 , 363    , 363    , 110    , 109    
863 , 238786 , 363    , 363    , 110    , 109    
864 , 238811 , 383    , 386    , 105    , 108    
865 , 238836 , 383    , 386    , 105    , 108    
866 , 238861 , 383    , 386    , 105    , 108    
867 , 238886 , 383    , 386    , 105    , 108    
868 , 238911 , 400    , 405    , 90     , 90     
869 , 238936 , 400    , 405    , 90     , 90     
870 , 238961 , 400    , 405    , 90     , 90     
871 , 238986 , 400    , 405    , 90     , 90     
872 , 239011 , 423    , 423    , 76     , 74     
873 , 239036 , 423    , 423    , 76     , 74     
874 , 239061 , 423    , 423    , 76     , 74     
875 , 239086 , 423    , 423    , 76     , 74     
876 , 239111 , 426    , 436    , 57     , 60     
877 , 239136 , 426    , 436    , 57     , 60     
878 , 239161 , 426    , 436    , 57     , 60     
879 , 239186 , 426    , 436    , 57     , 60     
880 , 239211 , 433    , 445    , 55     , 49     
881 , 239236 , 433    , 445    , 55     , 49     
882 , 239261 , 433    , 445    , 55     , 49     
883 , 239286 , 433    , 445    , 55     , 49     
884 , 239311 , 440    , 448    , 49     , 41     
885 , 239336 , 440    , 448    , 49     , 41     
886 , 239361 , 440    , 448    , 49     , 41     
887 , 239386 , 440    , 448    , 49     , 41     
888 , 239411 , 396    , 413    , 49     , 38     
889 , 239436 , 396    , 413    , 49     , 38     
890 , 239461 , 396    , 413    , 49     , 38     
891 , 239486 , 396    , 413    , 49     , 38     
892 , 239511 , 356    , 360    , 81     , 68     
893 , 239536 , 356    , 360    , 81     , 68     
894 , 239561 , 356    , 360    , 81     , 68     
895 , 239586 , 356    , 360    , 81     , 68     
896 , 239611 , 361    , 366    , 110    , 110    
897 , 239636 , 361    , 366    , 110    , 110    
898 , 239661 , 361    , 366    , 110    , 110    
899 , 239686 , 361    , 366    , 110    , 110    
900 , 239711 , 378    , 376    , 107    , 106    
901 , 239736 , 378    , 376    , 107    , 106    
902 , 239761 , 378    , 376    , 107    , 106    
903 , 239786 , 378    , 376    , 107    , 106    
904 , 239811 , 393    , 395    , 94     , 99     
905 , 239836 , 393    , 395    , 94     , 99     
906 , 239861 , 393    , 395    , 94     , 99     
907 , 239886 , 393    , 395    , 94     , 99     
908 , 239911 , 411    , 415    , 82     , 83     
909 , 239936 , 411    , 415    , 82     , 83     
910 , 239961 , 411    , 415    , 82     , 83     
911 , 239986 , 411    , 415    , 82     , 83     
912 , 240011 , 426    , 430    , 68     , 67     
913 , 240036 , 426    , 430    , 68     , 67     
914 , 240061 , 426    , 430    , 68     , 67     
915 , 240086 , 426    , 430    , 68     , 67     
916 , 240111 , 435    , 441    , 55     , 54     
917 , 240136 , 435    , 441    , 55     , 54     
918 , 240161 , 435    , 441    , 55     , 54     
919 , 240186 , 435    , 441    , 55     , 54     
920 , 240211 , 436    , 445    , 48     , 45     
921 , 240236 , 436    , 445    , 48     , 45     
922 , 240261 , 436    , 445    , 48     , 45     
923 , 240286 , 436    , 445    , 48     , 45     
924 , 240311 , 436    , 450    , 47     , 41     
925 , 240336 , 436    , 450    , 47     , 41     
926 , 240361 , 436    , 450    , 47     , 41     
927 , 240386 , 436    , 450    , 47     , 41     
928 , 240411 , 435    , 445    , 47     , 37     
929 , 240436 , 435    , 445    , 47     , 37     
930 , 240461 , 435    , 445    , 47     , 37     
931 , 240486 , 435    , 445    , 47     , 37     
932 , 240511 , 430    , 445    , 48     , 41     
933 , 240536 , 430    , 445    , 48     , 41     
934 , 240561 , 430    , 445    , 48     , 41     
935 , 240586 , 430    , 445    , 48     , 41     
936 , 240611 , 396    , 415    , 53     , 41     
937 , 240636 , 396    , 415    , 53     , 41     
938 , 240661 , 396    , 415    , 53     , 41     
939 , 240686 , 396    , 415    , 53     , 41     
940 , 240711 , 351    , 361    , 82     , 67     
941 , 240736 , 351    , 361    , 82     , 67     
942 , 240761 , 351    , 361    , 82     , 67     
943 , 240786 , 351    , 361    , 82     , 67     
944 , 240811 , 353    , 366    , 110    , 110    
945 , 240836 , 353    , 366    , 110    , 110    
946 , 240861 , 353    , 366    , 110    , 110    
947 , 240886 , 353    , 366    , 110    , 110    
948 , 240911 , 373    , 375    , 110    , 107    
949 , 240936 , 373    , 375    , 110    , 107    
950 , 240961 , 373    , 375    , 110    , 107    
951 , 240986 , 373    , 375    , 110    , 107    
952 , 241011 , 391    , 395    , 94     , 100    
953 , 241036 , 391    , 395    , 94     , 100    
954 , 241061 , 391    , 395    , 94     , 100    
955 , 241086 , 391    , 395    , 94     , 100    
956 , 241111 , 408    , 413    , 80     , 84     
957 , 241136 , 408    , 413    , 80     , 84     
958 , 241161 , 408    , 413    , 80     , 84     
959 , 241186 , 408    , 413    , 80     , 84     
960 , 241211 , 423    , 433    , 66     , 70     
961 , 241236 , 423    , 433    , 66     , 70     
962 , 241261 , 423    , 433    , 66     , 70     
963 , 241286 , 423    , 433    , 66     , 70     
964 , 241311 , 430    , 443    , 54     , 53     
965 , 241336 , 430    , 443    , 54     , 53     
966 , 241361 , 430    , 443    , 54     , 53     
967 , 241386 , 430    , 443    , 54     , 53     
968 , 241411 , 435    , 446    , 48     , 44     
969 , 241436 , 435    , 446    , 48     , 44     
970 , 241461 , 435    , 446    , 48     , 44     
971 , 241486 , 435    , 446    , 48     , 44     
972 , 241511 , 433    , 453    , 44     , 41     
973 , 241536 , 433    , 453    , 44     , 41     
974 , 241561 , 433    , 453    , 44     , 41     
975 , 241586 , 433    , 453    , 44     , 41     
976 , 241611 , 431    , 450    , 46     , 35     
977 , 241636 , 431    , 450    , 46     , 35     
978 , 241661 , 431    , 450    , 46     , 35     
979 , 241686 , 431    , 450    , 46     , 35     
980 , 241711 , 426    , 446    , 48     , 38     
981 , 241736 , 426    , 446    , 48     , 38     
982 , 241761 , 426    , 446    , 48     , 38     
983 , 241786 , 426    , 446    , 48     , 38     
984 , 241811 , 428    , 445    , 52     , 41     
985 , 241836 , 428    , 445    , 52     , 41     
986 , 241861 , 428    , 445    , 52     , 41     
987 , 241886 , 428    , 445    , 52     , 41     
988 , 241911 , 366    , 383    , 51     , 42     
989 , 241936 , 366    , 383    , 51     , 42     
990 , 241962 , 366    , 383    , 51     , 42     
991 , 241987 , 366    , 383    , 51     , 42     
992 , 242012 , 348    , 360    , 104    , 95     
993 , 242037 , 348    , 360    , 104    , 95     
994 , 242062 , 348    , 360    , 104    , 95     
995 , 242087 , 348    , 360    , 104    , 95     
996 , 242112 , 356    , 366    , 110    , 110    
997 , 242137 , 356    , 366    , 110    , 110    
998 , 242162 , 356    , 366    , 110    , 110    
999 , 242187 , 356    , 366    , 110    , 110    
1000, 242212 , 371    , 383    , 104    , 106    
1001, 242237 , 371    , 383    , 104    , 106    
1002, 242262 , 371    , 383    , 104    , 106    
1003, 242287 , 371    , 383    , 104    , 106    
1004, 242312 , 391    , 403    , 93     , 93     
1005, 242337 , 391    , 403    , 93     , 93     
1006, 242362 , 391    , 403    , 93     , 93     
1007, 242387 , 391    , 403    , 93     , 93     
1008, 242412 , 406    , 425    , 77     , 76     
1009, 242437 , 406    , 425    , 77     , 76     
1010, 242462 , 406    , 425    , 77     , 76     
1011, 242487 , 406    , 425    , 77     , 76     
1012, 242512 , 423    , 436    , 66     , 58     
1013, 242537 , 423    , 436    , 66     , 58     
1014, 242562 , 423    , 436    , 66     , 58     
1015, 242587 , 423    , 436    , 66     , 58     
1016, 242612 , 428    , 445    , 52     , 49     
1017, 242637 , 428    , 445    , 52     , 49     
1018, 242662 , 428    , 445    , 52     , 49     
1019, 242687 , 428    , 445    , 52     , 49     
1020, 242712 , 431    , 448    , 48     , 41     
1021, 242737 , 431    , 448    , 48     , 41     
1022, 242762 , 431    , 448    , 48     , 41     
1023, 242787 , 431    , 448    , 48     , 41     
1024, 242812 , 430    , 443    , 45     , 38     
1025, 242837 , 430    , 443    , 45     , 38     
1026, 242862 , 430    , 443    , 45     , 38     
1027, 242887 , 430    , 443    , 45     , 38     
1028, 242912 , 428    , 450    , 46     , 42     
1029, 242937 , 428    , 450    , 46     , 42     
1030, 242962 , 428    , 450    , 46     , 42     
1031, 242987 , 428    , 450    , 46     , 42     
1032, 243012 , 425    , 441    , 48     , 36     
1033, 243037 , 425    , 441    , 48     , 36     
1034, 243062 , 425    , 441    , 48     , 36     
1035, 243087 , 425    , 441    , 48     , 36     
1036, 243112 , 425    , 445    , 51     , 44     
1037, 243137 , 425    , 445    , 51     , 44     
1038, 243162 , 425    , 445    , 51     , 44     
1039, 243187 , 425    , 445    , 51     , 44     
1040, 243212 , 425    , 438    , 51     , 40     
1041, 243237 , 425    , 438    , 51     , 40     
1042, 243262 , 425    , 438    , 51     , 40     
1043, 243287 , 425    , 438    , 51     , 40     
1044, 243312 , 415    , 431    , 52     , 46     
1045, 243337 , 415    , 431    , 52     , 46     
1046, 243362 , 415    , 431    , 52     , 46     
1047, 243387 , 415    , 431    , 52     , 46     
1048, 243412 , 340    , 353    , 61     , 52     
1049, 243437 , 340    , 353    , 61     , 52     
1050, 243462 , 340    , 353    , 61     , 52     
1051, 243487 , 340    , 353    , 61     , 52     
1052, 243512 , 345    , 358    , 110    , 110    
1053, 243537 , 345    , 358    , 110    , 110    
1054, 243562 , 345    , 358    , 110    , 110    
1055, 243587 , 345    , 358    , 110    , 110    
1056, 243612 , 360    , 365    , 107    , 107    
1057, 243637 , 360    , 365    , 107    , 107    
1058, 243662 , 360    , 365    , 107    , 107    
1059, 243687 , 360    , 365    , 107    , 107    
1060, 243712 , 373    , 386    , 96     , 102    
1061, 243737 , 373    , 386    , 96     , 102    
1062, 243762 , 373    , 386    , 96     , 102    
1063, 243787 , 373    , 386    , 96     , 102    
1064, 243812 , 395    , 403    , 87     , 86     
1065, 243837 , 395    , 403    , 87     , 86     
1066, 243862 , 395    , 403    , 87     , 86     
1067, 243887 , 395    , 403    , 87     , 86     
1068, 243912 , 411    , 423    , 69     , 72     
1069, 243937 , 411    , 423    , 69     , 72     
1070, 243962 , 411    , 423    , 69     , 72     
1071, 243987 , 411    , 423    , 69     , 72     
1072, 244012 , 423    , 438    , 56     , 55     
1073, 244037 , 423    , 438    , 56     , 55     
1074, 244062 , 423    , 438    , 56     , 55     
1075, 244087 , 423    , 438    , 56     , 55     
1076, 244112 , 425    , 443    , 46     , 43     
1077, 244137 , 425    , 443    , 46     , 43     
1078, 244162 , 425    , 443    , 46     , 43     
1079, 244187 , 425    , 443    , 46     , 43     
1080, 244212 , 428    , 445    , 45     , 38     
1081, 244237 , 428    , 445    , 45     , 38     
1082, 244262 , 428    , 445    , 45     , 38     
1083, 244287 , 428    , 445    , 45     , 38     
1084, 244312 , 426    , 446    , 43     , 36     
1085, 244337 , 426    , 446    , 43     , 36     
1086, 244362 , 426    , 446    , 43     , 36     
1087, 244387 , 426    , 446    , 43     , 36     
1088, 244412 , 423    , 441    , 45     , 36     
1089, 244437 , 423    , 441    , 45     , 36     
1090, 244462 , 423    , 441    , 45     , 36     
1091, 244487 , 423    , 441    , 45     , 36     
1092, 244512 , 420    , 441    , 48     , 40     
1093, 244537 , 420    , 441    , 48     , 40     
1094, 244562 , 420    , 441    , 48     , 40     
1095, 244587 , 420    , 441    , 48     , 40     
1096, 244612 , 420    , 440    , 51     , 40     
1097, 244637 , 420    , 440    , 51     , 40     
1098, 244662 , 420    , 440    , 51     , 40     
1099, 244687 , 420    , 440    , 51     , 40     
1100, 244712 , 416    , 440    , 51     , 40     
1101, 244737 , 416    , 440    , 51     , 40     
1102, 244762 , 416    , 440    , 51     , 40     
1103, 244787 , 416    , 440    , 51     , 40     
1104, 244812 , 418    , 436    , 55     , 40     
1105, 244837 , 418    , 436    , 55     , 40     
1106, 244862 , 418    , 436    , 55     , 40     
1107, 244887 , 418    , 436    , 55     , 40     
1108, 244912 , 416    , 435    , 54     , 44     
1109, 244937 , 416    , 435    , 54     , 44     
1110, 244962 , 416    , 435    , 54     , 44     
1111, 244987 , 416    , 435    , 54     , 44     
1112, 245012 , 338    , 351    , 56     , 45     
1113, 245037 , 338    , 351    , 56     , 45     
1114, 245062 , 338    , 351    , 56     , 45     
1115, 245087 , 338    , 351    , 56     , 45     
1116, 245112 , 343    , 355    , 110    , 110    
1117, 245137 , 343    , 355    , 110    , 110    
1118, 245162 , 343    , 355    , 110    , 110    
1119, 245187 , 343    , 355    , 110    , 110    
1120, 245212 , 350    , 360    , 107    , 108    
1121, 245237 , 350    , 360    , 107    , 108    
1122, 245262 , 350    , 360    , 107    , 108    
1123, 245287 , 350    , 360    , 107    , 108    
1124, 245312 , 368    , 380    , 103    , 105    
1125, 245337 , 368    , 380    , 103    , 105    
1126, 245362 , 368    , 380    , 103    , 105    
1127, 245387 , 368    , 380    , 103    , 105    
1128, 245412 , 390    , 400    , 89     , 89     
1129, 245437 , 390    , 400    , 89     , 89     
1130, 245462 , 390    , 400    , 89     , 89     
1131, 245487 , 390    , 400    , 89     , 89     
1132, 245512 , 405    , 418    , 72     , 73     
1133, 245537 , 405    , 418    , 72     , 73     
1134, 245562 , 405    , 418    , 72     , 73     
1135, 245587 , 405    , 418    , 72     , 73     
1136, 245612 , 420    , 433    , 60     , 58     
1137, 245637 , 420    , 433    , 60     , 58     
1138, 245662 , 420    , 433    , 60     , 58     
1139, 245687 , 420    , 433    , 60     , 58     
1140, 245712 , 421    , 441    , 48     , 46     
1141, 245737 , 421    , 441    , 48     , 46     
1142, 245762 , 421    , 441    , 48     , 46     
1143, 245787 , 421    , 441    , 48     , 46     
1144, 245812 , 425    , 441    , 47     , 39     
1145, 245837 , 425    , 441    , 47     , 39     
1146, 245862 , 425    , 441    , 47     , 39     
1147, 245887 , 425    , 441    , 47     , 39     
1148, 245912 , 421    , 443    , 44     , 39     
1149, 245937 , 421    , 443    , 44     , 39     
1150, 245962 , 421    , 443    , 44     , 39     
1151, 245987 , 421    , 443    , 44     , 39     
1152, 246012 , 421    , 443    , 48     , 37     
1153, 246037 , 421    , 443    , 48     , 37     
1154, 246062 , 421    , 443    , 48     , 37     
1155, 246087 , 421    , 443    , 48     , 37     
1156, 246112 , 423    , 440    , 49     , 37     
1157, 246137 , 423    , 440    , 49     , 37     
1158, 246162 , 423    , 440    , 49     , 37     
1159, 246188 , 423    , 440    , 49     , 37     
1160, 246213 , 415    , 440    , 47     , 37     
1161, 246238 , 415    , 440    , 47     , 37     
1162, 246263 , 415    , 440    , 47     , 37     
1163, 246288 , 415    , 440    , 47     , 37     
1164, 246313 , 418    , 435    , 54     , 37     
1165, 246338 , 418    , 435    , 54     , 37     
1166, 246363 , 418    , 435    , 54     , 37     
1167, 246388 , 418    , 435    , 54     , 37     
1168, 246413 , 416    , 433    , 52     , 44     
1169, 246438 , 416    , 433    , 52     , 44     
1170, 246463 , 416    , 433    , 52     , 44     
1171, 246488 , 416    , 433    , 52     , 44     
1172, 246513 , 418    , 433    , 54     , 46     
1173, 246538 , 418    , 433    , 54     , 46     
1174, 246563 , 418    , 433    , 54     , 46     
1175, 246588 , 418    , 433    , 54     , 46     
1176, 246613 , 398    , 420    , 53     , 46     
1177, 246638 , 398    , 420    , 53     , 46     
1178, 246663 , 398    , 420    , 53     , 46     
1179, 246688 , 398    , 420    , 53     , 46     
1180, 246713 , 341    , 350    , 71     , 57     
1181, 246738 , 341    , 350    , 71     , 57     
1182, 246763 , 341    , 350    , 71     , 57     
1183, 246788 , 341    , 350    , 71     , 57     
1184, 246813 , 340    , 353    , 110    , 110    
1185, 246838 , 340    , 353    , 110    , 110    
1186, 246863 , 340    , 353    , 110    , 110    
1187, 246888 , 340    , 353    , 110    , 110    
1188, 246913 , 356    , 361    , 110    , 109    
1189, 246938 , 356    , 361    , 110    , 109    
1190, 246963 , 356    , 361    , 110    , 109    
1191, 246988 , 356    , 361    , 110    , 109    
1192, 247013 , 375    , 380    , 98     , 103    
1193, 247038 , 375    , 380    , 98     , 103    
1194, 247063 , 375    , 380    , 98     , 103    
1195, 247088 , 375    , 380    , 98     , 103    
1196, 247113 , 390    , 400    , 83     , 89     
1197, 247138 , 390    , 400    , 83     , 89     
1198, 247163 , 390    , 400    , 83     , 89     
1199, 247188 , 390    , 400    , 83     , 89     
1200, 247213 , 410    , 416    , 71     , 72     
1201, 247238 , 410    , 416    , 71     , 72     
1202, 247263 , 410    , 416    , 71     , 72     
1203, 247288 , 410    , 416    , 71     , 72     
1204, 247313 , 415    , 436    , 55     , 59     
1205, 247338 , 415    , 436    , 55     , 59     
1206, 247363 , 415    , 436    , 55     , 59     
1207, 247388 , 415    , 436    , 55     , 59     
1208, 247413 , 421    , 438    , 52     , 42     
1209, 247438 , 421    , 438    , 52     , 42     
1210, 247463 , 421    , 438    , 52     , 42     
1211, 247488 , 421    , 438    , 52     , 42     
1212, 247513 , 423    , 445    , 47     , 41     
1213, 247538 , 423    , 445    , 47     , 41     
1214, 247563 , 423    , 445    , 47     , 41     
1215, 247588 , 423    , 445    , 47     , 41     
1216, 247613 , 423    , 440    , 46     , 35     
1217, 247638 , 423    , 440    , 46     , 35     
1218, 247663 , 423    , 440    , 46     , 35     
1219, 247688 , 423    , 440    , 46     , 35     
1220, 247713 , 418    , 440    , 46     , 35     
1221, 247738 , 418    , 440    , 46     , 35     
1222, 247763 , 418    , 440    , 46     , 35     
1223, 247788 , 418    , 440    , 46     , 35     
1224, 247813 , 418    , 438    , 51     , 35     
1225, 247838 , 418    , 438    , 51     , 35     
1226, 247863 , 418    , 438    , 51     , 35     
1227, 247888 , 418    , 438    , 51     , 35     
1228, 247913 , 418    , 436    , 51     , 41     
1229, 247938 , 418    , 436    , 51     , 41     
1230, 247963 , 418    , 436    , 51     , 41     
1231, 247988 , 418    , 436    , 51     , 41     
1232, 248013 , 416    , 431    , 51     , 42     
1233, 248038 , 416    , 431    , 51     , 42     
1234, 248063 , 416    , 431    , 51     , 42     
1235, 248088 , 416    , 431    , 51     , 42     
1236, 248113 , 418    , 435    , 54     , 47     
1237, 248138 , 418    , 435    , 54     , 47     
1238, 248164 , 418    , 435    , 54     , 47     
1239, 248189 , 418    , 435    , 54     , 47     
1240, 248214 , 420    , 435    , 52     , 43     
1241, 248239 , 420    , 435    , 52     , 43     
1242, 248264 , 420    , 435    , 52     , 43     
1243, 248289 , 420    , 435    , 52     , 43     
1244, 248314 , 418    , 433    , 51     , 44     
1245, 248339 , 418    , 433    , 51     , 44     
1246, 248364 , 418    , 433    , 51     , 44     
1247, 248389 , 418    , 433    , 51     , 44     
1248, 248414 , 416    , 431    , 53     , 45     
1249, 248439 , 416    , 431    , 53     , 45     
1250, 248464 , 416    , 431    , 53     , 45     
1251, 248489 , 416    , 431    , 53     , 45     
1252, 248514 , 420    , 435    , 55     , 47     
1253, 248539 , 420    , 435    , 55     , 47     
1254, 248564 , 420    , 435    , 55     , 47     
1255, 248589 , 420    , 435    , 55     , 47     
1256, 248614 , 415    , 435    , 52     , 44     
1257, 248639 , 415    , 435    , 52     , 44     
1258, 248664 , 415    , 435    , 52     , 44     
1259, 248689 , 415    , 435    , 52     , 44     
1260, 248714 , 420    , 431    , 57     , 44     
1261, 248739 , 420    , 431    , 57     , 44     
1262, 248764 , 420    , 431    , 57     , 44     
1263, 248789 , 420    , 431    , 57     , 44     
1264, 248814 , 420    , 435    , 53     , 48     
1265, 248839 , 420    , 435    , 53     , 48     
1266, 248864 , 420    , 435    , 53     , 48     
1267, 248889 , 420    , 435    , 53     , 48     
1268, 248914 , 368    , 383    , 54     , 44     
1269, 248939 , 368    , 383    , 54     , 44     
1270, 248964 , 368    , 383    , 54     , 44     
1271, 248989 , 368    , 383    , 54     , 44     
1272, 249014 , 343    , 351    , 99     , 90     
1273, 249039 , 343    , 351    , 99     , 90     
1274, 249064 , 343    , 351    , 99     , 90     
1275, 249089 , 343    , 351    , 99     , 90     
1276, 249114 , 346    , 361    , 110    , 110    
1277, 249139 , 346    , 361    , 110    , 110    
1278, 249164 , 346    , 361    , 110    , 110    
1279, 249189 , 346    , 361    , 110    , 110    
1280, 249214 , 371    , 385    , 109    , 103    
1281, 249239 , 371    , 385    , 109    , 103    
1282, 249264 , 371    , 385    , 109    , 103    
1283, 249289 , 371    , 385    , 109    , 103    
1284, 249314 , 386    , 400    , 89     , 83     
1285, 249339 , 386    , 400    , 89     , 83     
1286, 249364 , 386    , 400    , 89     , 83     
1287, 249389 , 386    , 400    , 89     , 83     
1288, 249414 , 406    , 420    , 78     , 71     
1289, 249439 , 406    , 420    , 78     , 71     
1290, 249464 , 406    , 420    , 78     , 71     
1291, 249489 , 406    , 420    , 78     , 71     
1292, 249514 , 420    , 435    , 62     , 55     
1293, 249539 , 420    , 435    , 62     , 55     
1294, 249564 , 420    , 435    , 62     , 55     
1295, 249589 , 420    , 435    , 62     , 55     
1296, 249614 , 426    , 435    , 50     , 42     
1297, 249639 , 426    , 435    , 50     , 42     
1298, 249664 , 426    , 435    , 50     , 42     
1299, 249689 , 426    , 435    , 50     , 42     
1300, 249714 , 428    , 441    , 45     , 42     
1301, 249739 , 428    , 441    , 45     , 42     
1302, 249764 , 428    , 441    , 45     , 42     
1303, 249789 , 428    , 441    , 45     , 42     
1304, 249814 , 428    , 438    , 44     , 37     
1305, 249839 , 428    , 438    , 44     , 37     
1306, 249864 , 428    , 438    , 44     , 37     
1307, 249889 , 428    , 438    , 44     , 37     
1308, 249914 , 425    , 440    , 44     , 40     
1309, 249939 , 425    , 440    , 44     , 40     
1310, 249964 , 425    , 440    , 44     , 40     
1311, 249989 , 425    , 440    , 44     , 40     
1312, 250014 , 421    , 436    , 47     , 40     
1313, 250039 , 421    , 436    , 47     , 40     
1314, 250064 , 421    , 436    , 47     , 40     
1315, 250089 , 421    , 436    , 47     , 40     
1316, 250114 , 423    , 436    , 51     , 41     
1317, 250139 , 423    , 436    , 51     , 41     
1318, 250164 , 423    , 436    , 51     , 41     
1319, 250189 , 423    , 436    , 51     , 41     
1320, 250214 , 420    , 433    , 50     , 42     
1321, 250239 , 420    , 433    , 50     , 42     
1322, 250264 , 420    , 433    , 50     , 42     
1323, 250289 , 420    , 433    , 50     , 42     
1324, 250314 , 420    , 435    , 52     , 44     
1325, 250339 , 420    , 435    , 52     , 44     
1326, 250364 , 420    , 435    , 52     , 44     
1327, 250389 , 420    , 435    , 52     , 44     
1328, 250414 , 420    , 431    , 53     , 43     
1329, 250439 , 420    , 431    , 53     , 43     
1330, 250464 , 420    , 431    , 53     , 43     
1331, 250489 , 420    , 431    , 53     , 43     
1332, 250514 , 420    , 433    , 53     , 46     
1333, 250539 , 420    , 433    , 53     , 46     
1334, 250564 , 420    , 433    , 53     , 46     
1335, 250589 , 420    , 433    , 53     , 46     
1336, 250614 , 418    , 430    , 54     , 45     
1337, 250639 , 418    , 430    , 54     , 45     
1338, 250664 , 418    , 430    , 54     , 45     
1339, 250689 , 418    , 430    , 54     , 45     
1340, 250714 , 355    , 361    , 56     , 47     
1341, 250739 , 355    , 361    , 56     , 47     
1342, 250764 , 355    , 361    , 56     , 47     
1343, 250789 , 355    , 361    , 56     , 47     
1344, 250814 , 343    , 353    , 110    , 108    
1345, 250839 , 343    , 353    , 110    , 108    
1346, 250864 , 343    , 353    , 110    , 108    
1347, 250889 , 343    , 353    , 110    , 108    
1348, 250914 , 356    , 361    , 110    , 110    
1349, 250939 , 356    , 361    , 110    , 110    
1350, 250964 , 356    , 361    , 110    , 110    
1351, 250989 , 356    , 361    , 110    , 110    
1352, 251014 , 371    , 376    , 100    , 104    
1353, 251039 , 371    , 376    , 100    , 104    
1354, 251064 , 371    , 376    , 100    , 104    
1355, 251089 , 371    , 376    , 100    , 104    
1356, 251114 , 391    , 403    , 89     , 93     
1357, 251139 , 391    , 403    , 89     , 93     
1358, 251164 , 391    , 403    , 89     , 93     
1359, 251189 , 391    , 403    , 89     , 93     
1360, 251214 , 410    , 420    , 73     , 71     
1361, 251239 , 410    , 420    , 73     , 71     
1362, 251264 , 410    , 420    , 73     , 71     
1363, 251289 , 410    , 420    , 73     , 71     
1364, 251314 , 421    , 431    , 58     , 57     
1365, 251339 , 421    , 431    , 58     , 57     
1366, 251364 , 421    , 431    , 58     , 57     
1367, 251389 , 421    , 431    , 58     , 57     
1368, 251414 , 426    , 443    , 49     , 47     
1369, 251439 , 426    , 443    , 49     , 47     
1370, 251464 , 426    , 443    , 49     , 47     
1371, 251489 , 426    , 443    , 49     , 47     
1372, 251514 , 425    , 441    , 45     , 37     
1373, 251539 , 425    , 441    , 45     , 37     
1374, 251564 , 425    , 441    , 45     , 37     
1375, 251589 , 425    , 441    , 45     , 37     
1376, 251614 , 428    , 443    , 46     , 39     
1377, 251639 , 428    , 443    , 46     , 39     
1378, 251664 , 428    , 443    , 46     , 39     
1379, 251689 , 428    , 443    , 46     , 39     
1380, 251714 , 421    , 441    , 44     , 37     
1381, 251739 , 421    , 441    , 44     , 37     
1382, 251764 , 421    , 441    , 44     , 37     
1383, 251789 , 421    , 441    , 44     , 37     
1384, 251814 , 423    , 436    , 50     , 39     
1385, 251839 , 423    , 436    , 50     , 39     
1386, 251864 , 423    , 436    , 50     , 39     
1387, 251889 , 423    , 436    , 50     , 39     
1388, 251914 , 420    , 438    , 49     , 43     
1389, 251939 , 420    , 438    , 49     , 43     
1390, 251964 , 420    , 438    , 49     , 43     
1391, 251989 , 420    , 438    , 49     , 43     
1392, 252014 , 418    , 436    , 52     , 41     
1393, 252039 , 418    , 436    , 52     , 41     
1394, 252064 , 418    , 436    , 52     , 41     
1395, 252089 , 418    , 436    , 52     , 41     
1396, 252114 , 416    , 435    , 54     , 43     
1397, 252139 , 416    , 435    , 54     , 43     
1398, 252164 , 416    , 435    , 54     , 43     
1399, 252189 , 416    , 435    , 54     , 43     
1400, 252214 , 420    , 438    , 56     , 44     
1401, 252239 , 420    , 438    , 56     , 44     
1402, 252264 , 420    , 438    , 56     , 44     
1403, 252289 , 420    , 438    , 56     , 44     
1404, 252314 , 418    , 433    , 53     , 42     
1405, 252339 , 418    , 433    , 53     , 42     
1406, 252364 , 418    , 433    , 53     , 42     
1407, 252389 , 418    , 433    , 53     , 42     
1408, 252414 , 420    , 435    , 55     , 46     
1409, 252439 , 420    , 435    , 55     , 46     
1410, 252464 , 420    , 435    , 55     , 46     
1411, 252489 , 420    , 435    , 55     , 46     
1412, 252514 , 416    , 433    , 54     , 44     
1413, 252539 , 416    , 433    , 54     , 44     
1414, 252564 , 416    , 433    , 54     , 44     
1415, 252589 , 416    , 433    , 54     , 44     
1416, 252614 , 420    , 433    , 58     , 46     
1417, 252639 , 420    , 433    , 58     , 46     
1418, 252664 , 420    , 433    , 58     , 46     
1419, 252689 , 420    , 433    , 58     , 46     
1420, 252714 , 423    , 435    , 55     , 46     
1421, 252739 , 423    , 435    , 55     , 46     
1422, 252764 , 423    , 435    , 55     , 46     
1423, 252789 , 423    , 435    , 55     , 46     
1424, 252814 , 420    , 433    , 53     , 45     
1425, 252839 , 420    , 433    , 53     , 45     
1426, 252864 , 420    , 433    , 53     , 45     
1427, 252889 , 420    , 433    , 53     , 45     
1428, 252914 , 423    , 436    , 56     , 47     
1429, 252939 , 423    , 436    , 56     , 47     
1430, 252964 , 423    , 436    , 56     , 47     
1431, 252989 , 423    , 436    , 56     , 47     
1432, 253014 , 421    , 430    , 53     , 44     
1433, 253039 , 421    , 430    , 53     , 44     
1434, 253064 , 421    , 430    , 53     , 44     
1435, 253089 , 421    , 430    , 53     , 44     
1436, 253114 , 421    , 438    , 55     , 49     
1437, 253139 , 421    , 438    , 55     , 49     
1438, 253164 , 421    , 438    , 55     , 49     
1439, 253189 , 421    , 438    , 55     , 49     
1440, 253214 , 401    , 411    , 56     , 43     
1441, 253239 , 401    , 411    , 56     , 43     
1442, 253264 , 401    , 411    , 56     , 43     
1443, 253289 , 401    , 411    , 56     , 43     
1444, 253314 , 345    , 361    , 73     , 66     
1445, 253339 , 345    , 361    , 73     , 66     
1446, 253364 , 345    , 361    , 73     , 66     
1447, 253389 , 345    , 361    , 73     , 66     
1448, 253414 , 346    , 358    , 110    , 110    
1449, 253439 , 346    , 358    , 110    , 110    
1450, 253464 , 346    , 358    , 110    , 110    
1451, 253489 , 346    , 358    , 110    , 110    
1452, 253514 , 363    , 370    , 110    , 110    
1453, 253539 , 363    , 370    , 110    , 110    
1454, 253564 , 363    , 370    , 110    , 110    
1455, 253589 , 363    , 370    , 110    , 110    
1456, 253614 , 380    , 390    , 97     , 101    
1457, 253639 , 380    , 390    , 97     , 101    
1458, 253664 , 380    , 390    , 97     , 101    
1459, 253689 , 380    , 390    , 97     , 101    
1460, 253714 , 400    , 411    , 84     , 85     
1461, 253739 , 400    , 411    , 84     , 85     
1462, 253764 , 400    , 411    , 84     , 85     
1463, 253789 , 400    , 411    , 84     , 85     
1464, 253814 , 413    , 426    , 68     , 67     
1465, 253839 , 413    , 426    , 68     , 67     
1466, 253864 , 413    , 426    , 68     , 67     
1467, 253889 , 413    , 426    , 68     , 67     
1468, 253914 , 426    , 438    , 57     , 55     
1469, 253939 , 426    , 438    , 57     , 55     
1470, 253964 , 426    , 438    , 57     , 55     
1471, 253989 , 426    , 438    , 57     , 55     
1472, 254014 , 425    , 443    , 47     , 45     
1473, 254039 , 425    , 443    , 47     , 45     
1474, 254064 , 425    , 443    , 47     , 45     
1475, 254089 , 425    , 443    , 47     , 45     
1476, 254114 , 430    , 446    , 48     , 40     
1477, 254139 , 430    , 446    , 48     , 40     
1478, 255414 , 353    , 385    , 109    , 78     
1479, 255439 , 353    , 385    , 109    , 78     
1480, 255464 , 353    , 385    , 109    , 78     
1481, 255489 , 353    , 385    , 109    , 78     
1482, 255514 , 335    , 371    , 110    , 93     
1483, 255539 , 335    , 371    , 110    , 93     
1484, 255564 , 335    , 371    , 110    , 93     
1485, 255589 , 335    , 371    , 110    , 93     
1486, 255614 , 321    , 365    , 110    , 106    
1487, 255639 , 321    , 365    , 110    , 106    
1488, 255664 , 321    , 365    , 110    , 106    
1489, 255689 , 321    , 365    , 110    , 106    
1490, 255714 , 318    , 350    , 110    , 110    
1491, 255739 , 318    , 350    , 110    , 110    
1492, 255764 , 318    , 350    , 110    , 110    
1493, 255789 , 318    , 350    , 110    , 110    
1494, 255814 , 296    , 343    , 110    , 110    
1495, 255839 , 296    , 343    , 110    , 110    
1496, 255864 , 296    , 343    , 110    , 110    
1497, 255889 , 296    , 343    , 110    , 110    
1498, 255914 , 290    , 335    , 110    , 110    
1499, 255939 , 290    , 335    , 110    , 110    
1500, 255964 , 290    , 335    , 110    , 110    
1501, 255989 , 290    , 335    , 110    , 110    
1502, 256014 , 273    , 316    , 110    , 110    
1503, 256039 , 273    , 316    , 110    , 110    
1504, 256064 , 273    , 316    , 110    , 110    
1505, 256089 , 273    , 316    , 110    , 110    
1506, 256114 , 261    , 310    , 110    , 110    
1507, 256139 , 261    , 310    , 110    , 110    
1508, 256164 , 261    , 310    , 110    , 110    
1509, 256189 , 261    , 310    , 110    , 110    
1510, 256214 , 251    , 298    , 110    , 110    
1511, 256239 , 251    , 298    , 110    , 110    
1512, 256264 , 251    , 298    , 110    , 110    
1513, 256289 , 251    , 298    , 110    , 110    
1514, 256314 , 238    , 290    , 110    , 110    
1515, 256339 , 238    , 290    , 110    , 110    
1516, 256364 , 238    , 290    , 110    , 110    
1517, 256389 , 238    , 290    , 110    , 110    
1518, 256414 , 228    , 276    , 110    , 110    
1519, 256439 , 228    , 276    , 110    , 110    
1520, 256464 , 228    , 276    , 110    , 110    
1521, 256489 , 228    , 276    , 110    , 110    
1522, 256514 , 215    , 268    , 110    , 110    
1523, 256539 , 215    , 268    , 110    , 110    
1524, 256564 , 215    , 268    , 110    , 110    
1525, 256589 , 215    , 268    , 110    , 110    
1526, 256614 , 205    , 260    , 110    , 110    
1527, 256639 , 205    , 260    , 110    , 110    
1528, 256664 , 205    , 260    , 110    , 110    
1529, 256689 , 205    , 260    , 110    , 110    
1530, 256714 , 193    , 250    , 110    , 110    
1531, 256739 , 193    , 250    , 110    , 110    
1532, 256764 , 193    , 250    , 110    , 110    
1533, 256789 , 193    , 250    , 110    , 110    
1534, 256814 , 185    , 236    , 110    , 110    
1535, 256839 , 185    , 236    , 110    , 110    
