0   , 7421496, 0      , 0      , 110    , 110    
1   , 7421521, 0      , 0      , 110    , 110    
2   , 7421546, 0      , 0      , 110    , 110    
3   , 7421571, 0      , 0      , 110    , 110    
4   , 7421596, 0      , 0      , 110    , 110    
5   , 7421621, 0      , 0      , 110    , 110    
6   , 7421646, 0      , 0      , 110    , 110    
7   , 7421671, 0      , 0      , 110    , 110    
8   , 7421696, 0      , 0      , 110    , 110    
9   , 7421721, 0      , 0      , 110    , 110    
10  , 7421746, 0      , 0      , 110    , 110    
11  , 7421771, 0      , 0      , 110    , 110    
12  , 7421796, 0      , 0      , 110    , 110    
13  , 7421821, 0      , 0      , 110    , 110    
14  , 7421846, 0      , 0      , 110    , 110    
15  , 7421871, 0      , 0      , 110    , 110    
16  , 7421896, 0      , 0      , 110    , 110    
17  , 7421921, 0      , 0      , 110    , 110    
18  , 7421946, 0      , 0      , 110    , 110    
19  , 7421971, 0      , 0      , 110    , 110    
20  , 7421996, 0      , 0      , 110    , 110    
21  , 7422021, 0      , 0      , 110    , 110    
22  , 7422046, 0      , 0      , 110    , 110    
23  , 7422071, 0      , 0      , 110    , 110    
24  , 7422096, 0      , 0      , 110    , 110    
25  , 7422121, 0      , 0      , 110    , 110    
26  , 7422146, 0      , 0      , 110    , 110    
27  , 7422171, 0      , 0      , 110    , 110    
28  , 7422196, 0      , 0      , 110    , 110    
29  , 7422221, 0      , 0      , 110    , 110    
30  , 7422246, 0      , 0      , 110    , 110    
31  , 7422271, 0      , 0      , 110    , 110    
32  , 7422296, 0      , 0      , 110    , 110    
33  , 7422321, 0      , 0      , 110    , 110    
34  , 7422346, 0      , 0      , 110    , 110    
35  , 7422371, 0      , 0      , 110    , 110    
36  , 7422396, 0      , 0      , 110    , 110    
37  , 7422421, 0      , 0      , 110    , 110    
38  , 7422446, 0      , 0      , 110    , 110    
39  , 7422471, 0      , 0      , 110    , 110    
40  , 7422496, 0      , 0      , 110    , 110    
41  , 7422521, 0      , 0      , 110    , 110    
42  , 7422546, 0      , 0      , 110    , 110    
43  , 7422571, 0      , 0      , 110    , 110    
44  , 7422596, 0      , 0      , 110    , 110    
45  , 7422621, 0      , 0      , 110    , 110    
46  , 7422646, 0      , 0      , 110    , 110    
47  , 7422671, 0      , 0      , 110    , 110    
48  , 7422696, 0      , 0      , 110    , 110    
49  , 7422721, 0      , 0      , 110    , 110    
50  , 7422746, 0      , 0      , 110    , 110    
51  , 7422771, 0      , 0      , 110    , 110    
52  , 7422796, 0      , 0      , 110    , 110    
53  , 7422821, 0      , 0      , 110    , 110    
54  , 7422846, 0      , 0      , 110    , 110    
55  , 7422871, 0      , 0      , 110    , 110    
56  , 7422896, 0      , 0      , 110    , 110    
57  , 7422921, 0      , 0      , 110    , 110    
58  , 7422946, 0      , 0      , 110    , 110    
59  , 7422971, 0      , 0      , 110    , 110    
60  , 7422996, 0      , 0      , 110    , 110    
61  , 7423021, 0      , 0      , 110    , 110    
62  , 7423046, 0      , 0      , 110    , 110    
63  , 7423071, 0      , 0      , 110    , 110    
64  , 7423096, 0      , 0      , 110    , 110    
65  , 7423121, 0      , 0      , 110    , 110    
66  , 7423146, 0      , 0      , 110    , 110    
67  , 7423171, 0      , 0      , 110    , 110    
68  , 7423196, 0      , 0      , 110    , 110    
69  , 7423221, 0      , 0      , 110    , 110    
70  , 7423246, 0      , 0      , 110    , 110    
71  , 7423271, 0      , 0      , 110    , 110    
72  , 7423296, 0      , 0      , 110    , 110    
73  , 7423321, 0      , 0      , 110    , 110    
74  , 7423346, 0      , 0      , 110    , 110    
75  , 7423371, 0      , 0      , 110    , 110    
76  , 7423396, 0      , 0      , 110    , 110    
77  , 7423421, 0      , 0      , 110    , 110    
78  , 7423446, 0      , 0      , 110    , 110    
79  , 7423471, 0      , 0      , 110    , 110    
80  , 7423496, 0      , 0      , 110    , 110    
81  , 7423521, 0      , 0      , 110    , 110    
82  , 7423546, 0      , 0      , 110    , 110    
83  , 7423571, 0      , 0      , 110    , 110    
84  , 7423596, 0      , 0      , 110    , 110    
85  , 7423621, 0      , 0      , 110    , 110    
86  , 7423646, 0      , 0      , 110    , 110    
87  , 7423671, 0      , 0      , 110    , 110    
88  , 7423696, 0      , 0      , 110    , 110    
89  , 7423721, 0      , 0      , 110    , 110    
90  , 7423746, 0      , 0      , 110    , 110    
91  , 7423771, 0      , 0      , 110    , 110    
92  , 7423796, 0      , 0      , 110    , 110    
93  , 7423821, 0      , 0      , 110    , 110    
94  , 7423846, 0      , 0      , 110    , 110    
95  , 7423871, 0      , 0      , 110    , 110    
96  , 7423896, 0      , 0      , 110    , 110    
97  , 7423921, 0      , 0      , 110    , 110    
98  , 7423946, 0      , 0      , 110    , 110    
99  , 7423971, 0      , 0      , 110    , 110    
100 , 7423996, 0      , 0      , 110    , 110    
101 , 7424021, 0      , 0      , 110    , 110    
102 , 7424046, 0      , 0      , 110    , 110    
103 , 7424071, 0      , 0      , 110    , 110    
104 , 7424096, 0      , 0      , 110    , 110    
105 , 7424121, 0      , 0      , 110    , 110    
106 , 7424146, 0      , 0      , 110    , 110    
107 , 7424171, 0      , 0      , 110    , 110    
108 , 7424196, 0      , 0      , 110    , 110    
109 , 7424221, 0      , 0      , 110    , 110    
110 , 7424246, 0      , 0      , 110    , 110    
111 , 7424271, 0      , 0      , 110    , 110    
112 , 7424296, 0      , 0      , 110    , 110    
113 , 7424321, 0      , 0      , 110    , 110    
114 , 7424346, 0      , 0      , 110    , 110    
115 , 7424371, 0      , 0      , 110    , 110    
116 , 7424396, 0      , 0      , 110    , 110    
117 , 7424421, 0      , 0      , 110    , 110    
118 , 7424446, 0      , 0      , 110    , 110    
119 , 7424471, 0      , 0      , 110    , 110    
120 , 7424496, 0      , 0      , 110    , 110    
121 , 7424521, 0      , 0      , 110    , 110    
122 , 7424546, 0      , 0      , 110    , 110    
123 , 7424571, 0      , 0      , 110    , 110    
124 , 7424596, 0      , 0      , 110    , 110    
125 , 7424621, 0      , 0      , 110    , 110    
126 , 7424646, 0      , 0      , 110    , 110    
127 , 7424671, 0      , 0      , 110    , 110    
128 , 7424696, 0      , 0      , 110    , 110    
129 , 7424721, 0      , 0      , 110    , 110    
130 , 7424746, 0      , 0      , 110    , 110    
131 , 7424771, 0      , 0      , 110    , 110    
132 , 7424796, 0      , 0      , 110    , 110    
133 , 7424821, 0      , 0      , 110    , 110    
134 , 7424846, 0      , 0      , 110    , 110    
135 , 7424871, 0      , 0      , 110    , 110    
136 , 7424896, 0      , 0      , 110    , 110    
137 , 7424921, 0      , 0      , 110    , 110    
138 , 7424946, 0      , 0      , 110    , 110    
139 , 7424971, 0      , 0      , 110    , 110    
140 , 7424996, 0      , 0      , 110    , 110    
141 , 7425021, 0      , 0      , 110    , 110    
142 , 7425046, 0      , 0      , 110    , 110    
143 , 7425071, 0      , 0      , 110    , 110    
144 , 7425096, 0      , 0      , 110    , 110    
145 , 7425121, 0      , 0      , 110    , 110    
146 , 7425146, 0      , 0      , 110    , 110    
147 , 7425171, 0      , 0      , 110    , 110    
148 , 7425196, 0      , 0      , 110    , 110    
149 , 7425221, 0      , 0      , 110    , 110    
150 , 7425246, 0      , 0      , 110    , 110    
151 , 7425271, 0      , 0      , 110    , 110    
152 , 7425296, 0      , 0      , 110    , 110    
153 , 7425321, 0      , 0      , 110    , 110    
154 , 7425346, 0      , 0      , 110    , 110    
155 , 7425371, 0      , 0      , 110    , 110    
156 , 7425396, 0      , 0      , 110    , 110    
157 , 7425421, 0      , 0      , 110    , 110    
158 , 7425446, 0      , 0      , 110    , 110    
159 , 7425471, 0      , 0      , 110    , 110    
160 , 7425496, 0      , 0      , 110    , 110    
161 , 7425521, 0      , 0      , 110    , 110    
162 , 7425546, 0      , 0      , 110    , 110    
163 , 7425571, 0      , 0      , 110    , 110    
164 , 7425596, 0      , 0      , 110    , 110    
165 , 7425621, 0      , 0      , 110    , 110    
166 , 7425646, 0      , 0      , 110    , 110    
167 , 7425671, 0      , 0      , 110    , 110    
168 , 7425696, 0      , 0      , 110    , 110    
169 , 7425721, 0      , 0      , 110    , 110    
170 , 7425746, 0      , 0      , 110    , 110    
171 , 7425771, 0      , 0      , 110    , 110    
172 , 7425796, 0      , 0      , 110    , 110    
173 , 7425821, 0      , 0      , 110    , 110    
174 , 7425846, 0      , 0      , 110    , 110    
175 , 7425871, 0      , 0      , 110    , 110    
176 , 7425896, 0      , 0      , 110    , 110    
177 , 7425921, 0      , 0      , 110    , 110    
178 , 7425946, 0      , 0      , 110    , 110    
179 , 7425971, 0      , 0      , 110    , 110    
180 , 7425996, 0      , 0      , 110    , 110    
181 , 7426021, 0      , 0      , 110    , 110    
182 , 7426046, 0      , 0      , 110    , 110    
183 , 7426071, 0      , 0      , 110    , 110    
184 , 7426096, 0      , 0      , 110    , 110    
185 , 7426121, 0      , 0      , 110    , 110    
186 , 7426146, 0      , 0      , 110    , 110    
187 , 7426171, 0      , 0      , 110    , 110    
188 , 7426196, 0      , 0      , 110    , 110    
189 , 7426221, 0      , 0      , 110    , 110    
190 , 7426246, 0      , 0      , 110    , 110    
191 , 7426271, 0      , 0      , 110    , 110    
192 , 7426296, 0      , 0      , 110    , 110    
193 , 7426321, 0      , 0      , 110    , 110    
194 , 7426346, 0      , -1     , 110    , 110    
195 , 7426371, 0      , -1     , 110    , 110    
196 , 7426396, 0      , -1     , 110    , 110    
197 , 7426421, 0      , -1     , 110    , 110    
198 , 7426446, 0      , 0      , 110    , 110    
199 , 7426471, 0      , 0      , 110    , 110    
200 , 7426496, 0      , 0      , 110    , 110    
201 , 7426521, 0      , 0      , 110    , 110    
202 , 7426546, 0      , 0      , 110    , 110    
203 , 7426571, 0      , 0      , 110    , 110    
204 , 7426596, 0      , 0      , 110    , 110    
205 , 7426621, 0      , 0      , 110    , 110    
206 , 7426646, 0      , 0      , 110    , 110    
207 , 7426671, 0      , 0      , 110    , 110    
208 , 7426696, 0      , 0      , 110    , 110    
209 , 7426721, 0      , 0      , 110    , 110    
210 , 7426746, 0      , 0      , 110    , 110    
211 , 7426771, 0      , 0      , 110    , 110    
212 , 7426796, 0      , 0      , 110    , 110    
213 , 7426821, 0      , 0      , 110    , 110    
214 , 7426846, 0      , 0      , 110    , 110    
215 , 7426871, 0      , 0      , 110    , 110    
216 , 7426896, 0      , 0      , 110    , 110    
217 , 7426921, 0      , 0      , 110    , 110    
218 , 7426946, 0      , 0      , 110    , 110    
219 , 7426971, 0      , 0      , 110    , 110    
220 , 7426996, 0      , 0      , 110    , 110    
221 , 7427021, 0      , 0      , 110    , 110    
222 , 7427046, 0      , 0      , 110    , 110    
223 , 7427071, 0      , 0      , 110    , 110    
224 , 7427096, 0      , 0      , 110    , 110    
225 , 7427121, 0      , 0      , 110    , 110    
226 , 7427146, 0      , 0      , 110    , 110    
227 , 7427171, 0      , 0      , 110    , 110    
228 , 7427196, 0      , 0      , 110    , 110    
229 , 7427221, 0      , 0      , 110    , 110    
230 , 7427246, 0      , 0      , 110    , 110    
231 , 7427271, 0      , 0      , 110    , 110    
232 , 7427296, 0      , 0      , 110    , 110    
233 , 7427321, 0      , 0      , 110    , 110    
234 , 7427346, 0      , 0      , 110    , 110    
235 , 7427371, 0      , 0      , 110    , 110    
236 , 7427396, 0      , 0      , 110    , 110    
237 , 7427421, 0      , 0      , 110    , 110    
238 , 7427446, 0      , 0      , 110    , 110    
239 , 7427471, 0      , 0      , 110    , 110    
240 , 7427496, 0      , 0      , 110    , 110    
241 , 7427521, 0      , 0      , 110    , 110    
242 , 7427546, 0      , 0      , 110    , 110    
243 , 7427571, 0      , 0      , 110    , 110    
244 , 7427596, 0      , 0      , 110    , 110    
245 , 7427621, 0      , 0      , 110    , 110    
246 , 7427646, 0      , 0      , 110    , 110    
247 , 7427671, 0      , 0      , 110    , 110    
248 , 7427696, 0      , 0      , 110    , 110    
249 , 7427721, 0      , 0      , 110    , 110    
250 , 7427746, 0      , 0      , 110    , 110    
251 , 7427771, 0      , 0      , 110    , 110    
252 , 7427796, 0      , 0      , 110    , 110    
253 , 7427821, 0      , 0      , 110    , 110    
254 , 7427846, 0      , 0      , 110    , 110    
255 , 7427871, 0      , 0      , 110    , 110    
256 , 7427896, 0      , 0      , 110    , 110    
257 , 7427921, 0      , 0      , 110    , 110    
258 , 7427946, 0      , 0      , 110    , 110    
259 , 7427971, 0      , 0      , 110    , 110    
260 , 7427996, 0      , 0      , 110    , 110    
261 , 7428021, 0      , 0      , 110    , 110    
262 , 7428046, 0      , 0      , 110    , 110    
263 , 7428071, 0      , 0      , 110    , 110    
264 , 7428096, 0      , 0      , 110    , 110    
265 , 7428121, 0      , 0      , 110    , 110    
266 , 7428146, 0      , 0      , 110    , 110    
267 , 7428171, 0      , 0      , 110    , 110    
268 , 7428196, 0      , 0      , 110    , 110    
269 , 7428221, 0      , 0      , 110    , 110    
270 , 7428246, 0      , 0      , 110    , 110    
271 , 7428271, 0      , 0      , 110    , 110    
272 , 7428296, 0      , 0      , 110    , 110    
273 , 7428321, 0      , 0      , 110    , 110    
274 , 7428346, 0      , 0      , 110    , 110    
275 , 7428371, 0      , 0      , 110    , 110    
276 , 7428396, 0      , 0      , 110    , 110    
277 , 7428421, 0      , 0      , 110    , 110    
278 , 7428446, 0      , 0      , 110    , 110    
279 , 7428471, 0      , 0      , 110    , 110    
280 , 7428496, 0      , 0      , 110    , 110    
281 , 7428521, 0      , 0      , 110    , 110    
282 , 7428546, 0      , 0      , 110    , 110    
283 , 7428571, 0      , 0      , 110    , 110    
284 , 7428596, 0      , 0      , 110    , 110    
285 , 7428621, 0      , 0      , 110    , 110    
286 , 7428646, 0      , 0      , 110    , 110    
287 , 7428671, 0      , 0      , 110    , 110    
288 , 7428696, 0      , 0      , 110    , 110    
289 , 7428721, 0      , 0      , 110    , 110    
290 , 7428746, 0      , 0      , 110    , 110    
291 , 7428771, 0      , 0      , 110    , 110    
292 , 7428796, 0      , 0      , 110    , 110    
293 , 7428821, 0      , 0      , 110    , 110    
294 , 7428846, 0      , 0      , 110    , 110    
295 , 7428871, 0      , 0      , 110    , 110    
296 , 7428896, 0      , 0      , 110    , 110    
297 , 7428921, 0      , 0      , 110    , 110    
298 , 7428946, 0      , 0      , 110    , 110    
299 , 7428971, 0      , 0      , 110    , 110    
300 , 7428996, 0      , 0      , 110    , 110    
301 , 7429021, 0      , 0      , 110    , 110    
302 , 7429046, 0      , 0      , 110    , 110    
303 , 7429071, 0      , 0      , 110    , 110    
304 , 7429096, 0      , 0      , 110    , 110    
305 , 7429121, 0      , 0      , 110    , 110    
306 , 7429146, 0      , 0      , 110    , 110    
307 , 7429171, 0      , 0      , 110    , 110    
308 , 7429196, 0      , 0      , 110    , 110    
309 , 7429221, 0      , 0      , 110    , 110    
310 , 7429246, 0      , 0      , 110    , 110    
311 , 7429271, 0      , 0      , 110    , 110    
312 , 7429296, 0      , 0      , 110    , 110    
313 , 7429321, 0      , 0      , 110    , 110    
314 , 7429346, 0      , 0      , 110    , 110    
315 , 7429371, 0      , 0      , 110    , 110    
316 , 7429396, 0      , 0      , 110    , 110    
317 , 7429421, 0      , 0      , 110    , 110    
318 , 7429446, 0      , 0      , 110    , 110    
319 , 7429471, 0      , 0      , 110    , 110    
320 , 7429496, 0      , 0      , 110    , 110    
321 , 7429521, 0      , 0      , 110    , 110    
322 , 7429546, 0      , 0      , 110    , 110    
323 , 7429571, 0      , 0      , 110    , 110    
324 , 7429596, 0      , 0      , 110    , 110    
325 , 7429621, 0      , 0      , 110    , 110    
326 , 7429646, 0      , 0      , 110    , 110    
327 , 7429671, 0      , 0      , 110    , 110    
328 , 7429696, 0      , 0      , 110    , 110    
329 , 7429721, 0      , 0      , 110    , 110    
330 , 7429746, 0      , 0      , 110    , 110    
331 , 7429771, 0      , 0      , 110    , 110    
332 , 7429796, 0      , 0      , 110    , 110    
333 , 7429821, 0      , 0      , 110    , 110    
334 , 7429846, 0      , 0      , 110    , 110    
335 , 7429871, 0      , 0      , 110    , 110    
336 , 7429896, 0      , 0      , 110    , 110    
337 , 7429921, 0      , 0      , 110    , 110    
338 , 7429946, 0      , 0      , 110    , 110    
339 , 7429971, 0      , 0      , 110    , 110    
340 , 7429996, 0      , 0      , 110    , 110    
341 , 7430021, 0      , 0      , 110    , 110    
342 , 7430046, 0      , 0      , 110    , 110    
343 , 7430071, 0      , 0      , 110    , 110    
344 , 7430096, 0      , 0      , 110    , 110    
345 , 7430121, 0      , 0      , 110    , 110    
346 , 7430146, 0      , 0      , 110    , 110    
347 , 7430171, 0      , 0      , 110    , 110    
348 , 7430196, 0      , 0      , 110    , 110    
349 , 7430221, 0      , 0      , 110    , 110    
350 , 7430246, 0      , 0      , 110    , 110    
351 , 7430271, 0      , 0      , 110    , 110    
352 , 7430296, 0      , 0      , 110    , 110    
353 , 7430321, 0      , 0      , 110    , 110    
354 , 7430346, 0      , 0      , 110    , 110    
355 , 7430371, 0      , 0      , 110    , 110    
356 , 7430396, 0      , 0      , 110    , 110    
357 , 7430421, 0      , 0      , 110    , 110    
358 , 7430446, 0      , 0      , 110    , 110    
359 , 7430471, 0      , 0      , 110    , 110    
360 , 7430496, 0      , 0      , 110    , 110    
361 , 7430521, 0      , 0      , 110    , 110    
362 , 7430546, 0      , 0      , 110    , 110    
363 , 7430571, 0      , 0      , 110    , 110    
364 , 7430596, 0      , 0      , 110    , 110    
365 , 7430621, 0      , 0      , 110    , 110    
366 , 7430646, 0      , 0      , 110    , 110    
367 , 7430671, 0      , 0      , 110    , 110    
368 , 7430696, 0      , 0      , 110    , 110    
369 , 7430721, 0      , 0      , 110    , 110    
370 , 7430746, 0      , 0      , 110    , 110    
371 , 7430771, 0      , 0      , 110    , 110    
372 , 7430796, 0      , 0      , 110    , 110    
373 , 7430821, 0      , 0      , 110    , 110    
374 , 7430846, 0      , 0      , 110    , 110    
375 , 7430871, 0      , 0      , 110    , 110    
376 , 7430896, 0      , 0      , 110    , 110    
377 , 7430921, 0      , 0      , 110    , 110    
378 , 7430946, 0      , 0      , 110    , 110    
379 , 7430971, 0      , 0      , 110    , 110    
380 , 7430996, 0      , 0      , 110    , 110    
381 , 7431021, 0      , 0      , 110    , 110    
382 , 7431046, 0      , 0      , 110    , 110    
383 , 7431071, 0      , 0      , 110    , 110    
384 , 7431096, 0      , 0      , 110    , 110    
385 , 7431121, 0      , 0      , 110    , 110    
386 , 7431146, 0      , 0      , 110    , 110    
387 , 7431171, 0      , 0      , 110    , 110    
388 , 7431196, 0      , 0      , 110    , 110    
389 , 7431221, 0      , 0      , 110    , 110    
390 , 7431246, 0      , 0      , 110    , 110    
391 , 7431271, 0      , 0      , 110    , 110    
392 , 7431296, 0      , 0      , 110    , 110    
393 , 7431321, 0      , 0      , 110    , 110    
394 , 7431346, 0      , 0      , 110    , 110    
395 , 7431371, 0      , 0      , 110    , 110    
396 , 7431396, 0      , 0      , 110    , 110    
397 , 7431421, 0      , 0      , 110    , 110    
398 , 7431446, 0      , 0      , 110    , 110    
399 , 7431471, 0      , 0      , 110    , 110    
400 , 7431496, 0      , 0      , 110    , 110    
401 , 7431521, 0      , 0      , 110    , 110    
402 , 7431546, 0      , 0      , 110    , 110    
403 , 7431571, 0      , 0      , 110    , 110    
404 , 7431596, 0      , 0      , 110    , 110    
405 , 7431621, 0      , 0      , 110    , 110    
406 , 7431646, 0      , 0      , 110    , 110    
407 , 7431671, 0      , 0      , 110    , 110    
408 , 7431696, 0      , 0      , 110    , 110    
409 , 7431721, 0      , 0      , 110    , 110    
410 , 7431746, 0      , 0      , 110    , 110    
411 , 7431771, 0      , 0      , 110    , 110    
412 , 7431796, 0      , 0      , 110    , 110    
413 , 7431821, 0      , 0      , 110    , 110    
414 , 7431846, 0      , 0      , 110    , 110    
415 , 7431871, 0      , 0      , 110    , 110    
416 , 7431896, 0      , 0      , 110    , 110    
417 , 7431921, 0      , 0      , 110    , 110    
418 , 7431946, 0      , 0      , 110    , 110    
419 , 7431971, 0      , 0      , 110    , 110    
420 , 7431996, 0      , 0      , 110    , 110    
421 , 7432021, 0      , 0      , 110    , 110    
422 , 7432046, 0      , 0      , 110    , 110    
423 , 7432071, 0      , 0      , 110    , 110    
424 , 7432096, 0      , 0      , 110    , 110    
425 , 7432121, 0      , 0      , 110    , 110    
426 , 7432146, 0      , 0      , 110    , 110    
427 , 7432171, 0      , 0      , 110    , 110    
428 , 7432196, 0      , 0      , 110    , 110    
429 , 7432221, 0      , 0      , 110    , 110    
430 , 7432246, 0      , 0      , 110    , 110    
431 , 7432271, 0      , 0      , 110    , 110    
432 , 7432296, 0      , 0      , 110    , 110    
433 , 7432321, 0      , 0      , 110    , 110    
434 , 7432346, 0      , 0      , 110    , 110    
435 , 7432371, 0      , 0      , 110    , 110    
436 , 7432396, 0      , 0      , 110    , 110    
437 , 7432421, 0      , 0      , 110    , 110    
438 , 7432446, 0      , 0      , 110    , 110    
439 , 7432471, 0      , 0      , 110    , 110    
440 , 7432496, 0      , 0      , 110    , 110    
441 , 7432521, 0      , 0      , 110    , 110    
442 , 7432546, 0      , 0      , 110    , 110    
443 , 7432571, 0      , 0      , 110    , 110    
444 , 7432596, 0      , 0      , 110    , 110    
445 , 7432621, 0      , 0      , 110    , 110    
446 , 7432646, 0      , 0      , 110    , 110    
447 , 7432671, 0      , 0      , 110    , 110    
448 , 7432696, 0      , 0      , 110    , 110    
449 , 7432721, 0      , 0      , 110    , 110    
450 , 7432746, 0      , 0      , 110    , 110    
451 , 7432771, 0      , 0      , 110    , 110    
452 , 7432796, 0      , 0      , 110    , 110    
453 , 7432821, 0      , 0      , 110    , 110    
454 , 7432846, 0      , 0      , 110    , 110    
455 , 7432871, 0      , 0      , 110    , 110    
456 , 7432896, 0      , 0      , 110    , 110    
457 , 7432921, 0      , 0      , 110    , 110    
458 , 7432946, 0      , 0      , 110    , 110    
459 , 7432971, 0      , 0      , 110    , 110    
460 , 7432996, 0      , 0      , 110    , 110    
461 , 7433021, 0      , 0      , 110    , 110    
462 , 7433046, 0      , 0      , 110    , 110    
463 , 7433071, 0      , 0      , 110    , 110    
464 , 7433096, 0      , 0      , 110    , 110    
465 , 7433121, 0      , 0      , 110    , 110    
466 , 7433146, 0      , 0      , 110    , 110    
467 , 7433171, 0      , 0      , 110    , 110    
468 , 7433196, 0      , 0      , 110    , 110    
469 , 7433221, 0      , 0      , 110    , 110    
470 , 7433246, 0      , 0      , 110    , 110    
471 , 7433271, 0      , 0      , 110    , 110    
472 , 7433296, 0      , 0      , 110    , 110    
473 , 7433321, 0      , 0      , 110    , 110    
474 , 7433346, 0      , 0      , 110    , 110    
475 , 7433371, 0      , 0      , 110    , 110    
476 , 7433396, 0      , 0      , 110    , 110    
477 , 7433421, 0      , 0      , 110    , 110    
478 , 7433446, 0      , 0      , 110    , 110    
479 , 7433471, 0      , 0      , 110    , 110    
480 , 7433496, 0      , 0      , 110    , 110    
481 , 7433521, 0      , 0      , 110    , 110    
482 , 7433546, 0      , 0      , 110    , 110    
483 , 7433571, 0      , 0      , 110    , 110    
484 , 7433596, 0      , 0      , 110    , 110    
485 , 7433621, 0      , 0      , 110    , 110    
486 , 7433646, 0      , 0      , 110    , 110    
487 , 7433671, 0      , 0      , 110    , 110    
488 , 7433696, 0      , 0      , 110    , 110    
489 , 7433721, 0      , 0      , 110    , 110    
490 , 7433746, 0      , 0      , 110    , 110    
491 , 7433771, 0      , 0      , 110    , 110    
492 , 7433796, 0      , 0      , 110    , 110    
493 , 7433821, 0      , 0      , 110    , 110    
494 , 7433846, 0      , 0      , 110    , 110    
495 , 7433871, 0      , 0      , 110    , 110    
496 , 7433896, 0      , 0      , 110    , 110    
497 , 7433921, 0      , 0      , 110    , 110    
498 , 7433946, 0      , 0      , 110    , 110    
499 , 7433971, 0      , 0      , 110    , 110    
500 , 7433996, 0      , 0      , 110    , 110    
501 , 7434021, 0      , 0      , 110    , 110    
502 , 7434046, 0      , 0      , 110    , 110    
503 , 7434071, 0      , 0      , 110    , 110    
504 , 7434096, 0      , 0      , 110    , 110    
505 , 7434121, 0      , 0      , 110    , 110    
506 , 7434146, 0      , 0      , 110    , 110    
507 , 7434171, 0      , 0      , 110    , 110    
508 , 7434196, 0      , 0      , 110    , 110    
509 , 7434221, 0      , 0      , 110    , 110    
510 , 7434246, 0      , 0      , 110    , 110    
511 , 7434271, 0      , 0      , 110    , 110    
512 , 7434296, 0      , 0      , 110    , 110    
513 , 7434321, 0      , 0      , 110    , 110    
514 , 7434346, 0      , 0      , 110    , 110    
515 , 7434371, 0      , 0      , 110    , 110    
516 , 7434396, 0      , 0      , 110    , 110    
517 , 7434421, 0      , 0      , 110    , 110    
518 , 7434446, 0      , 0      , 110    , 110    
519 , 7434471, 0      , 0      , 110    , 110    
520 , 7434496, 0      , 0      , 110    , 110    
521 , 7434521, 0      , 0      , 110    , 110    
522 , 7434546, 0      , 0      , 110    , 110    
523 , 7434571, 0      , 0      , 110    , 110    
524 , 7434597, 0      , 0      , 110    , 110    
525 , 7434622, 0      , 0      , 110    , 110    
526 , 7434647, 0      , 0      , 110    , 110    
527 , 7434672, 0      , 0      , 110    , 110    
528 , 7434697, 0      , 0      , 110    , 110    
529 , 7434722, 0      , 0      , 110    , 110    
530 , 7434747, 0      , 0      , 110    , 110    
531 , 7434772, 0      , 0      , 110    , 110    
532 , 7434797, 0      , 0      , 110    , 110    
533 , 7434822, 0      , 0      , 110    , 110    
534 , 7434847, 0      , 0      , 110    , 110    
535 , 7434872, 0      , 0      , 110    , 110    
536 , 7434897, 0      , 0      , 110    , 110    
537 , 7434922, 0      , 0      , 110    , 110    
538 , 7434947, 0      , 0      , 110    , 110    
539 , 7434972, 0      , 0      , 110    , 110    
540 , 7434997, 0      , 0      , 110    , 110    
541 , 7435022, 0      , 0      , 110    , 110    
542 , 7435047, 0      , 0      , 110    , 110    
543 , 7435072, 0      , 0      , 110    , 110    
544 , 7435097, 0      , 0      , 110    , 110    
545 , 7435122, 0      , 0      , 110    , 110    
546 , 7435147, 0      , 0      , 110    , 110    
547 , 7435172, 0      , 0      , 110    , 110    
548 , 7435197, 0      , 0      , 110    , 110    
549 , 7435222, 0      , 0      , 110    , 110    
550 , 7435247, 0      , 0      , 110    , 110    
551 , 7435272, 0      , 0      , 110    , 110    
552 , 7435297, 0      , 0      , 110    , 110    
553 , 7435322, 0      , 0      , 110    , 110    
554 , 7435347, 0      , 0      , 110    , 110    
555 , 7435372, 0      , 0      , 110    , 110    
556 , 7435397, 0      , 0      , 110    , 110    
557 , 7435422, 0      , 0      , 110    , 110    
558 , 7435447, 0      , 0      , 110    , 110    
559 , 7435472, 0      , 0      , 110    , 110    
560 , 7435497, 0      , 0      , 110    , 110    
561 , 7435522, 0      , 0      , 110    , 110    
562 , 7435547, 0      , 0      , 110    , 110    
563 , 7435572, 0      , 0      , 110    , 110    
564 , 7435597, 0      , 0      , 110    , 110    
565 , 7435622, 0      , 0      , 110    , 110    
566 , 7435647, 0      , 0      , 110    , 110    
567 , 7435672, 0      , 0      , 110    , 110    
568 , 7435697, 0      , 0      , 110    , 110    
569 , 7435722, 0      , 0      , 110    , 110    
570 , 7435747, 0      , 0      , 110    , 110    
571 , 7435772, 0      , 0      , 110    , 110    
572 , 7435797, 0      , 0      , 110    , 110    
573 , 7435822, 0      , 0      , 110    , 110    
574 , 7435847, 0      , 0      , 110    , 110    
575 , 7435872, 0      , 0      , 110    , 110    
576 , 7435897, 0      , 0      , 110    , 110    
577 , 7435922, 0      , 0      , 110    , 110    
578 , 7435947, 0      , 0      , 110    , 110    
579 , 7435972, 0      , 0      , 110    , 110    
580 , 7435997, 0      , 0      , 110    , 110    
581 , 7436022, 0      , 0      , 110    , 110    
582 , 7436047, 0      , 0      , 110    , 110    
583 , 7436072, 0      , 0      , 110    , 110    
584 , 7436097, 0      , 0      , 110    , 110    
585 , 7436122, 0      , 0      , 110    , 110    
586 , 7436147, 0      , 0      , 110    , 110    
587 , 7436172, 0      , 0      , 110    , 110    
588 , 7436197, 0      , 0      , 110    , 110    
589 , 7436222, 0      , 0      , 110    , 110    
590 , 7436247, 0      , 0      , 110    , 110    
591 , 7436272, 0      , 0      , 110    , 110    
592 , 7436297, 0      , 0      , 110    , 110    
593 , 7436322, 0      , 0      , 110    , 110    
594 , 7436347, 0      , 0      , 110    , 110    
595 , 7436372, 0      , 0      , 110    , 110    
596 , 7436397, 0      , 0      , 110    , 110    
597 , 7436422, 0      , 0      , 110    , 110    
598 , 7436447, 0      , 0      , 110    , 110    
599 , 7436472, 0      , 0      , 110    , 110    
600 , 7436497, 0      , 0      , 110    , 110    
601 , 7436522, 0      , 0      , 110    , 110    
602 , 7436547, 0      , 0      , 110    , 110    
603 , 7436572, 0      , 0      , 110    , 110    
604 , 7436597, 0      , 0      , 110    , 110    
605 , 7436622, 0      , 0      , 110    , 110    
606 , 7436647, 0      , 0      , 110    , 110    
607 , 7436672, 0      , 0      , 110    , 110    
608 , 7436697, 0      , 0      , 110    , 110    
609 , 7436722, 0      , 0      , 110    , 110    
610 , 7436747, 0      , 0      , 110    , 110    
611 , 7436772, 0      , 0      , 110    , 110    
612 , 7436797, 0      , 0      , 110    , 110    
613 , 7436822, 0      , 0      , 110    , 110    
614 , 7436847, 0      , 0      , 110    , 110    
615 , 7436872, 0      , 0      , 110    , 110    
616 , 7436897, 0      , 0      , 110    , 110    
617 , 7436922, 0      , 0      , 110    , 110    
618 , 7436947, 0      , 0      , 110    , 110    
619 , 7436972, 0      , 0      , 110    , 110    
620 , 7436997, 0      , 0      , 110    , 110    
621 , 7437022, 0      , 0      , 110    , 110    
622 , 7437047, 0      , 0      , 110    , 110    
623 , 7437072, 0      , 0      , 110    , 110    
624 , 7437097, 0      , 0      , 110    , 110    
625 , 7437122, 0      , 0      , 110    , 110    
626 , 7437147, 0      , 0      , 110    , 110    
627 , 7437172, 0      , 0      , 110    , 110    
628 , 7437197, 0      , 0      , 110    , 110    
629 , 7437222, 0      , 0      , 110    , 110    
630 , 7437247, 0      , 0      , 110    , 110    
631 , 7437272, 0      , 0      , 110    , 110    
632 , 7437297, 0      , 0      , 110    , 110    
633 , 7437322, 0      , 0      , 110    , 110    
634 , 7437347, 0      , 0      , 110    , 110    
635 , 7437372, 0      , 0      , 110    , 110    
636 , 7437397, 0      , 0      , 110    , 110    
637 , 7437422, 0      , 0      , 110    , 110    
638 , 7437447, 0      , 0      , 110    , 110    
639 , 7437472, 0      , 0      , 110    , 110    
640 , 7437497, 0      , 0      , 110    , 110    
641 , 7437522, 0      , 0      , 110    , 110    
642 , 7437547, 0      , 0      , 110    , 110    
643 , 7437572, 0      , 0      , 110    , 110    
644 , 7437597, 0      , 0      , 110    , 110    
645 , 7437622, 0      , 0      , 110    , 110    
646 , 7437647, 0      , 0      , 110    , 110    
647 , 7437672, 0      , 0      , 110    , 110    
648 , 7437697, 0      , 0      , 110    , 110    
649 , 7437722, 0      , 0      , 110    , 110    
650 , 7437747, 0      , 0      , 110    , 110    
651 , 7437772, 0      , 0      , 110    , 110    
652 , 7437797, 0      , 0      , 110    , 110    
653 , 7437822, 0      , 0      , 110    , 110    
654 , 7437847, 0      , 0      , 110    , 110    
655 , 7437872, 0      , 0      , 110    , 110    
656 , 7437897, 0      , 0      , 110    , 110    
657 , 7437922, 0      , 0      , 110    , 110    
658 , 7437947, 0      , 0      , 110    , 110    
659 , 7437972, 0      , 0      , 110    , 110    
660 , 7437997, 0      , 0      , 110    , 110    
661 , 7438022, 0      , 0      , 110    , 110    
662 , 7438047, 0      , 0      , 110    , 110    
663 , 7438072, 0      , 0      , 110    , 110    
664 , 7438097, 0      , 0      , 110    , 110    
665 , 7438122, 0      , 0      , 110    , 110    
666 , 7438147, 0      , 0      , 110    , 110    
667 , 7438172, 0      , 0      , 110    , 110    
668 , 7438197, 0      , 0      , 110    , 110    
669 , 7438222, 0      , 0      , 110    , 110    
670 , 7438247, 0      , 0      , 110    , 110    
671 , 7438272, 0      , 0      , 110    , 110    
672 , 7438297, 0      , 0      , 110    , 110    
673 , 7438322, 0      , 0      , 110    , 110    
674 , 7438347, 0      , 0      , 110    , 110    
675 , 7438372, 0      , 0      , 110    , 110    
676 , 7438397, 0      , 0      , 110    , 110    
677 , 7438422, 0      , 0      , 110    , 110    
678 , 7438447, 0      , 0      , 110    , 110    
679 , 7438472, 0      , 0      , 110    , 110    
680 , 7438497, 0      , 0      , 110    , 110    
681 , 7438522, 0      , 0      , 110    , 110    
682 , 7438547, 0      , 0      , 110    , 110    
683 , 7438572, 0      , 0      , 110    , 110    
684 , 7438597, 0      , 0      , 110    , 110    
685 , 7438622, 0      , 0      , 110    , 110    
686 , 7438647, 0      , 0      , 110    , 110    
687 , 7438672, 0      , 0      , 110    , 110    
688 , 7438697, 0      , 0      , 110    , 110    
689 , 7438722, 0      , 0      , 110    , 110    
690 , 7438747, 0      , 0      , 110    , 110    
691 , 7438772, 0      , 0      , 110    , 110    
692 , 7438797, 0      , 0      , 110    , 110    
693 , 7438822, 0      , 0      , 110    , 110    
694 , 7438847, 0      , 0      , 110    , 110    
695 , 7438872, 0      , 0      , 110    , 110    
696 , 7438897, 0      , 0      , 110    , 110    
697 , 7438922, 0      , 0      , 110    , 110    
698 , 7438947, 0      , 0      , 110    , 110    
699 , 7438972, 0      , 0      , 110    , 110    
700 , 7438997, 0      , 0      , 110    , 110    
701 , 7439022, 0      , 0      , 110    , 110    
702 , 7439047, 0      , 0      , 110    , 110    
703 , 7439072, 0      , 0      , 110    , 110    
704 , 7439097, 0      , 0      , 110    , 110    
705 , 7439122, 0      , 0      , 110    , 110    
706 , 7439147, 0      , 0      , 110    , 110    
707 , 7439172, 0      , 0      , 110    , 110    
708 , 7439197, 0      , 0      , 110    , 110    
709 , 7439222, 0      , 0      , 110    , 110    
710 , 7439247, 0      , 0      , 110    , 110    
711 , 7439272, 0      , 0      , 110    , 110    
712 , 7439297, 0      , 0      , 110    , 110    
713 , 7439322, 0      , 0      , 110    , 110    
714 , 7439347, 0      , 0      , 110    , 110    
715 , 7439372, 0      , 0      , 110    , 110    
716 , 7439397, 0      , 0      , 110    , 110    
717 , 7439422, 0      , 0      , 110    , 110    
718 , 7439447, 0      , 0      , 110    , 110    
719 , 7439472, 0      , 0      , 110    , 110    
720 , 7439497, 0      , 0      , 110    , 110    
721 , 7439522, 0      , 0      , 110    , 110    
722 , 7439547, 0      , 0      , 110    , 110    
723 , 7439572, 0      , 0      , 110    , 110    
724 , 7439597, 0      , 0      , 110    , 110    
725 , 7439622, 0      , 0      , 110    , 110    
726 , 7439647, 0      , 0      , 110    , 110    
727 , 7439672, 0      , 0      , 110    , 110    
728 , 7439697, 0      , 0      , 110    , 110    
729 , 7439722, 0      , 0      , 110    , 110    
730 , 7439747, 0      , 0      , 110    , 110    
731 , 7439772, 0      , 0      , 110    , 110    
732 , 7439797, 0      , 0      , 110    , 110    
733 , 7439822, 0      , 0      , 110    , 110    
734 , 7439847, 0      , 0      , 110    , 110    
735 , 7439872, 0      , 0      , 110    , 110    
736 , 7439897, 0      , 0      , 110    , 110    
737 , 7439922, 0      , 0      , 110    , 110    
738 , 7439947, 0      , 0      , 110    , 110    
739 , 7439972, 0      , 0      , 110    , 110    
740 , 7439997, 0      , 0      , 110    , 110    
741 , 7440022, 0      , 0      , 110    , 110    
742 , 7440047, 0      , 0      , 110    , 110    
743 , 7440072, 0      , 0      , 110    , 110    
744 , 7440097, 0      , 0      , 110    , 110    
745 , 7440122, 0      , 0      , 110    , 110    
746 , 7440147, 0      , 0      , 110    , 110    
747 , 7440172, 0      , 0      , 110    , 110    
748 , 7440197, 0      , 0      , 110    , 110    
749 , 7440222, 0      , 0      , 110    , 110    
750 , 7440247, 0      , 0      , 110    , 110    
751 , 7440272, 0      , 0      , 110    , 110    
752 , 7440297, 0      , 0      , 110    , 110    
753 , 7440322, 0      , 0      , 110    , 110    
754 , 7440347, 0      , 0      , 110    , 110    
755 , 7440372, 0      , 0      , 110    , 110    
756 , 7440397, 0      , 0      , 110    , 110    
757 , 7440422, 0      , 0      , 110    , 110    
758 , 7440447, 0      , 0      , 110    , 110    
759 , 7440472, 0      , 0      , 110    , 110    
760 , 7440497, 0      , 0      , 110    , 110    
761 , 7440522, 0      , 0      , 110    , 110    
762 , 7440547, 0      , 0      , 110    , 110    
763 , 7440572, 0      , 0      , 110    , 110    
764 , 7440597, 0      , 0      , 110    , 110    
765 , 7440622, 0      , 0      , 110    , 110    
766 , 7440647, 0      , 0      , 110    , 110    
767 , 7440672, 0      , 0      , 110    , 110    
768 , 7440697, 0      , 0      , 110    , 110    
769 , 7440722, 0      , 0      , 110    , 110    
770 , 7440747, 0      , 0      , 110    , 110    
771 , 7440772, 0      , 0      , 110    , 110    
772 , 7440797, 0      , 0      , 110    , 110    
773 , 7440822, 0      , 0      , 110    , 110    
774 , 7440847, 0      , 0      , 110    , 110    
775 , 7440872, 0      , 0      , 110    , 110    
776 , 7440897, 0      , 0      , 110    , 110    
777 , 7440922, 0      , 0      , 110    , 110    
778 , 7440947, 0      , 0      , 110    , 110    
779 , 7440972, 0      , 0      , 110    , 110    
780 , 7440997, 0      , 0      , 110    , 110    
781 , 7441022, 0      , 0      , 110    , 110    
782 , 7441047, 0      , 0      , 110    , 110    
783 , 7441072, 0      , 0      , 110    , 110    
784 , 7441097, 0      , 0      , 110    , 110    
785 , 7441122, 0      , 0      , 110    , 110    
786 , 7441147, 0      , 0      , 110    , 110    
787 , 7441172, 0      , 0      , 110    , 110    
788 , 7441197, 0      , 0      , 110    , 110    
789 , 7441222, 0      , 0      , 110    , 110    
790 , 7441247, 0      , 0      , 110    , 110    
791 , 7441272, 0      , 0      , 110    , 110    
792 , 7441297, 0      , 0      , 110    , 110    
793 , 7441322, 0      , 0      , 110    , 110    
794 , 7441347, 0      , 0      , 110    , 110    
795 , 7441372, 0      , 0      , 110    , 110    
796 , 7441397, 0      , 0      , 110    , 110    
797 , 7441422, 0      , 0      , 110    , 110    
798 , 7441447, 0      , 0      , 110    , 110    
799 , 7441472, 0      , 0      , 110    , 110    
800 , 7441497, 0      , 0      , 110    , 110    
801 , 7441522, 0      , 0      , 110    , 110    
802 , 7441547, 0      , 0      , 110    , 110    
803 , 7441572, 0      , 0      , 110    , 110    
804 , 7441597, 0      , 0      , 110    , 110    
805 , 7441622, 0      , 0      , 110    , 110    
806 , 7441647, 0      , 0      , 110    , 110    
807 , 7441672, 0      , 0      , 110    , 110    
808 , 7441697, 0      , 0      , 110    , 110    
809 , 7441722, 0      , 0      , 110    , 110    
810 , 7441747, 0      , 0      , 110    , 110    
811 , 7441772, 0      , 0      , 110    , 110    
812 , 7441797, 0      , 0      , 110    , 110    
813 , 7441822, 0      , 0      , 110    , 110    
814 , 7441847, 0      , 0      , 110    , 110    
815 , 7441872, 0      , 0      , 110    , 110    
816 , 7441897, 0      , 0      , 110    , 110    
817 , 7441922, 0      , 0      , 110    , 110    
818 , 7441947, 0      , 0      , 110    , 110    
819 , 7441972, 0      , 0      , 110    , 110    
820 , 7441997, 0      , 0      , 110    , 110    
821 , 7442022, 0      , 0      , 110    , 110    
822 , 7442047, 0      , 0      , 110    , 110    
823 , 7442072, 0      , 0      , 110    , 110    
824 , 7442097, 0      , 0      , 110    , 110    
825 , 7442122, 0      , 0      , 110    , 110    
826 , 7442147, 0      , 0      , 110    , 110    
827 , 7442172, 0      , 0      , 110    , 110    
828 , 7442197, 0      , 0      , 110    , 110    
829 , 7442222, 0      , 0      , 110    , 110    
830 , 7442247, 0      , 0      , 110    , 110    
831 , 7442272, 0      , 0      , 110    , 110    
832 , 7442297, 0      , 0      , 110    , 110    
833 , 7442322, 0      , 0      , 110    , 110    
834 , 7442347, 0      , -1     , 110    , 110    
835 , 7442372, 0      , -1     , 110    , 110    
836 , 7442397, 0      , -1     , 110    , 110    
837 , 7442422, 0      , -1     , 110    , 110    
838 , 7442447, 0      , 0      , 110    , 110    
839 , 7442472, 0      , 0      , 110    , 110    
840 , 7442497, 0      , 0      , 110    , 110    
841 , 7442522, 0      , 0      , 110    , 110    
842 , 7442547, 0      , 0      , 110    , 110    
843 , 7442572, 0      , 0      , 110    , 110    
844 , 7442597, 0      , 0      , 110    , 110    
845 , 7442622, 0      , 0      , 110    , 110    
846 , 7442647, 0      , 0      , 110    , 110    
847 , 7442672, 0      , 0      , 110    , 110    
848 , 7442697, 0      , 0      , 110    , 110    
849 , 7442722, 0      , 0      , 110    , 110    
850 , 7442747, 0      , 0      , 110    , 110    
851 , 7442772, 0      , 0      , 110    , 110    
852 , 7442797, 0      , 0      , 110    , 110    
853 , 7442822, 0      , 0      , 110    , 110    
854 , 7442847, 0      , 0      , 110    , 110    
855 , 7442872, 0      , 0      , 110    , 110    
856 , 7442897, 0      , 0      , 110    , 110    
857 , 7442922, 0      , 0      , 110    , 110    
858 , 7442947, 0      , 0      , 110    , 110    
859 , 7442972, 0      , 0      , 110    , 110    
860 , 7442997, 0      , 0      , 110    , 110    
861 , 7443022, 0      , 0      , 110    , 110    
862 , 7443047, 0      , 1      , 110    , 110    
863 , 7443072, 0      , 1      , 110    , 110    
864 , 7443097, 0      , 1      , 110    , 110    
865 , 7443122, 0      , 1      , 110    , 110    
866 , 7443147, 0      , -1     , 110    , 110    
867 , 7443172, 0      , -1     , 110    , 110    
868 , 7443197, 0      , -1     , 110    , 110    
869 , 7443222, 0      , -1     , 110    , 110    
870 , 7443247, 0      , 0      , 110    , 110    
871 , 7443272, 0      , 0      , 110    , 110    
872 , 7443297, 0      , 0      , 110    , 110    
873 , 7443322, 0      , 0      , 110    , 110    
874 , 7443347, 0      , 0      , 110    , 110    
875 , 7443372, 0      , 0      , 110    , 110    
876 , 7443397, 0      , 0      , 110    , 110    
877 , 7443422, 0      , 0      , 110    , 110    
878 , 7443447, 0      , 0      , 110    , 110    
879 , 7443472, 0      , 0      , 110    , 110    
880 , 7443497, 0      , 0      , 110    , 110    
881 , 7443522, 0      , 0      , 110    , 110    
882 , 7443547, 0      , 0      , 110    , 110    
883 , 7443572, 0      , 0      , 110    , 110    
884 , 7443597, 0      , 0      , 110    , 110    
885 , 7443622, 0      , 0      , 110    , 110    
886 , 7443647, 0      , 0      , 110    , 110    
887 , 7443672, 0      , 0      , 110    , 110    
888 , 7443697, 0      , 0      , 110    , 110    
889 , 7443722, 0      , 0      , 110    , 110    
890 , 7443747, 0      , 0      , 110    , 110    
891 , 7443772, 0      , 0      , 110    , 110    
892 , 7443797, 0      , 0      , 110    , 110    
893 , 7443822, 0      , 0      , 110    , 110    
894 , 7443847, 0      , 0      , 110    , 110    
895 , 7443872, 0      , 0      , 110    , 110    
896 , 7443897, 0      , 0      , 110    , 110    
897 , 7443922, 0      , 0      , 110    , 110    
898 , 7443947, 0      , 0      , 110    , 110    
899 , 7443972, 0      , 0      , 110    , 110    
900 , 7443997, 0      , 0      , 110    , 110    
901 , 7444022, 0      , 0      , 110    , 110    
902 , 7444047, 0      , 0      , 110    , 110    
903 , 7444072, 0      , 0      , 110    , 110    
904 , 7444097, 0      , 0      , 110    , 110    
905 , 7444122, 0      , 0      , 110    , 110    
906 , 7444147, 0      , 0      , 110    , 110    
907 , 7444172, 0      , 0      , 110    , 110    
908 , 7444197, 0      , 0      , 110    , 110    
909 , 7444222, 0      , 0      , 110    , 110    
910 , 7444247, 0      , 0      , 110    , 110    
911 , 7444272, 0      , 0      , 110    , 110    
912 , 7444297, 0      , 0      , 110    , 110    
913 , 7444322, 0      , 0      , 110    , 110    
914 , 7444347, 0      , 0      , 110    , 110    
915 , 7444372, 0      , 0      , 110    , 110    
916 , 7444397, 0      , 0      , 110    , 110    
917 , 7444422, 0      , 0      , 110    , 110    
918 , 7444447, 0      , 0      , 110    , 110    
919 , 7444472, 0      , 0      , 110    , 110    
920 , 7444497, 0      , 0      , 110    , 110    
921 , 7444522, 0      , 0      , 110    , 110    
922 , 7444547, 0      , 0      , 110    , 110    
923 , 7444572, 0      , 0      , 110    , 110    
924 , 7444597, 0      , 0      , 110    , 110    
925 , 7444622, 0      , 0      , 110    , 110    
926 , 7444647, 0      , 0      , 110    , 110    
927 , 7444672, 0      , 0      , 110    , 110    
928 , 7444697, 0      , 0      , 110    , 110    
929 , 7444722, 0      , 0      , 110    , 110    
930 , 7444747, 0      , 0      , 110    , 110    
931 , 7444772, 0      , 0      , 110    , 110    
932 , 7444797, 0      , 0      , 110    , 110    
933 , 7444822, 0      , 0      , 110    , 110    
934 , 7444847, 0      , 0      , 110    , 110    
935 , 7444872, 0      , 0      , 110    , 110    
936 , 7444897, 0      , 0      , 110    , 110    
937 , 7444922, 0      , 0      , 110    , 110    
938 , 7444947, 0      , 0      , 110    , 110    
939 , 7444972, 0      , 0      , 110    , 110    
940 , 7444997, 0      , 0      , 110    , 110    
941 , 7445022, 0      , 0      , 110    , 110    
942 , 7445047, 0      , 0      , 110    , 110    
943 , 7445072, 0      , 0      , 110    , 110    
944 , 7445097, 0      , 0      , 110    , 110    
945 , 7445122, 0      , 0      , 110    , 110    
946 , 7445147, 0      , 0      , 110    , 110    
947 , 7445172, 0      , 0      , 110    , 110    
948 , 7445197, 0      , 0      , 110    , 110    
949 , 7445222, 0      , 0      , 110    , 110    
950 , 7445247, 0      , 0      , 110    , 110    
951 , 7445272, 0      , 0      , 110    , 110    
952 , 7445297, 0      , 0      , 110    , 110    
953 , 7445322, 0      , 0      , 110    , 110    
954 , 7445347, 0      , 0      , 110    , 110    
955 , 7445372, 0      , 0      , 110    , 110    
956 , 7445397, 0      , 0      , 110    , 110    
957 , 7445422, 0      , 0      , 110    , 110    
958 , 7445447, 0      , 0      , 110    , 110    
959 , 7445472, 0      , 0      , 110    , 110    
960 , 7445497, 0      , 0      , 110    , 110    
961 , 7445522, 0      , 0      , 110    , 110    
962 , 7445547, 0      , 0      , 110    , 110    
963 , 7445572, 0      , 0      , 110    , 110    
964 , 7445597, 0      , 0      , 110    , 110    
965 , 7445622, 0      , 0      , 110    , 110    
966 , 7445647, 0      , 0      , 110    , 110    
967 , 7445672, 0      , 0      , 110    , 110    
968 , 7445697, 0      , 0      , 110    , 110    
969 , 7445722, 0      , 0      , 110    , 110    
970 , 7445747, 0      , 0      , 110    , 110    
971 , 7445772, 0      , 0      , 110    , 110    
972 , 7445797, 0      , 0      , 110    , 110    
973 , 7445822, 0      , 0      , 110    , 110    
974 , 7445847, 0      , 0      , 110    , 110    
975 , 7445872, 0      , 0      , 110    , 110    
976 , 7445897, 0      , 0      , 110    , 110    
977 , 7445922, 0      , 0      , 110    , 110    
978 , 7445947, 0      , 0      , 110    , 110    
979 , 7445972, 0      , 0      , 110    , 110    
980 , 7445997, 0      , 0      , 110    , 110    
981 , 7446022, 0      , 0      , 110    , 110    
982 , 7446047, 0      , 0      , 110    , 110    
983 , 7446072, 0      , 0      , 110    , 110    
984 , 7446097, 0      , 0      , 110    , 110    
985 , 7446122, 0      , 0      , 110    , 110    
986 , 7446147, 0      , 0      , 110    , 110    
987 , 7446172, 0      , 0      , 110    , 110    
988 , 7446197, 0      , 0      , 110    , 110    
989 , 7446222, 0      , 0      , 110    , 110    
990 , 7446247, 0      , 0      , 110    , 110    
991 , 7446272, 0      , 0      , 110    , 110    
992 , 7446297, 0      , 0      , 110    , 110    
993 , 7446322, 0      , 0      , 110    , 110    
994 , 7446347, 0      , 0      , 110    , 110    
995 , 7446372, 0      , 0      , 110    , 110    
996 , 7446397, 0      , 0      , 110    , 110    
997 , 7446422, 0      , 0      , 110    , 110    
998 , 7446447, 0      , 0      , 110    , 110    
999 , 7446472, 0      , 0      , 110    , 110    
1000, 7446497, 0      , 0      , 110    , 110    
1001, 7446522, 0      , 0      , 110    , 110    
1002, 7446547, 0      , 0      , 110    , 110    
1003, 7446572, 0      , 0      , 110    , 110    
1004, 7446597, 0      , 0      , 110    , 110    
1005, 7446622, 0      , 0      , 110    , 110    
1006, 7446647, 0      , 0      , 110    , 110    
1007, 7446672, 0      , 0      , 110    , 110    
1008, 7446697, 0      , 0      , 110    , 110    
1009, 7446722, 0      , 0      , 110    , 110    
1010, 7446747, 0      , 0      , 110    , 110    
1011, 7446772, 0      , 0      , 110    , 110    
1012, 7446797, 0      , 0      , 110    , 110    
1013, 7446822, 0      , 0      , 110    , 110    
1014, 7446847, 0      , 0      , 110    , 110    
1015, 7446872, 0      , 0      , 110    , 110    
1016, 7446897, 0      , 0      , 110    , 110    
1017, 7446922, 0      , 0      , 110    , 110    
1018, 7446947, 0      , 0      , 110    , 110    
1019, 7446972, 0      , 0      , 110    , 110    
1020, 7446997, 0      , 0      , 110    , 110    
1021, 7447022, 0      , 0      , 110    , 110    
1022, 7447047, 0      , 0      , 110    , 110    
1023, 7447072, 0      , 0      , 110    , 110    
1024, 7447097, 0      , 0      , 110    , 110    
1025, 7447122, 0      , 0      , 110    , 110    
1026, 7447147, 0      , 0      , 110    , 110    
1027, 7447172, 0      , 0      , 110    , 110    
1028, 7447197, 0      , 0      , 110    , 110    
1029, 7447222, 0      , 0      , 110    , 110    
1030, 7447247, 0      , 0      , 110    , 110    
1031, 7447272, 0      , 0      , 110    , 110    
1032, 7447297, 0      , 0      , 110    , 110    
1033, 7447322, 0      , 0      , 110    , 110    
1034, 7447347, 0      , 0      , 110    , 110    
1035, 7447372, 0      , 0      , 110    , 110    
1036, 7447397, 0      , 0      , 110    , 110    
1037, 7447422, 0      , 0      , 110    , 110    
1038, 7447447, 0      , 0      , 110    , 110    
1039, 7447472, 0      , 0      , 110    , 110    
1040, 7447497, 0      , 0      , 110    , 110    
1041, 7447522, 0      , 0      , 110    , 110    
1042, 7447547, 0      , 0      , 110    , 110    
1043, 7447572, 0      , 0      , 110    , 110    
1044, 7447597, 0      , 0      , 110    , 110    
1045, 7447622, 0      , 0      , 110    , 110    
1046, 7447647, 0      , 0      , 110    , 110    
1047, 7447672, 0      , 0      , 110    , 110    
1048, 7447697, 0      , 0      , 110    , 110    
1049, 7447722, 0      , 0      , 110    , 110    
1050, 7447747, 0      , 0      , 110    , 110    
1051, 7447772, 0      , 0      , 110    , 110    
1052, 7447797, 0      , 0      , 110    , 110    
1053, 7447822, 0      , 0      , 110    , 110    
1054, 7447847, 0      , 0      , 110    , 110    
1055, 7447872, 0      , 0      , 110    , 110    
1056, 7447897, 0      , 0      , 110    , 110    
1057, 7447922, 0      , 0      , 110    , 110    
1058, 7447947, 0      , 0      , 110    , 110    
1059, 7447972, 0      , 0      , 110    , 110    
1060, 7447997, 0      , 0      , 110    , 110    
1061, 7448022, 0      , 0      , 110    , 110    
1062, 7448047, 0      , 0      , 110    , 110    
1063, 7448072, 0      , 0      , 110    , 110    
1064, 7448097, 0      , 0      , 110    , 110    
1065, 7448122, 0      , 0      , 110    , 110    
1066, 7448147, 0      , 0      , 110    , 110    
1067, 7448172, 0      , 0      , 110    , 110    
1068, 7448197, 0      , 0      , 110    , 110    
1069, 7448222, 0      , 0      , 110    , 110    
1070, 7448247, 0      , 0      , 110    , 110    
1071, 7448272, 0      , 0      , 110    , 110    
1072, 7448297, 0      , 0      , 110    , 110    
1073, 7448322, 0      , 0      , 110    , 110    
1074, 7448347, 0      , 0      , 110    , 110    
1075, 7448372, 0      , 0      , 110    , 110    
1076, 7448397, 0      , 0      , 110    , 110    
1077, 7448422, 0      , 0      , 110    , 110    
1078, 7448447, 0      , 0      , 110    , 110    
1079, 7448472, 0      , 0      , 110    , 110    
1080, 7448497, 0      , 0      , 110    , 110    
1081, 7448522, 0      , 0      , 110    , 110    
1082, 7448547, 0      , 0      , 110    , 110    
1083, 7448572, 0      , 0      , 110    , 110    
1084, 7448597, 0      , 0      , 110    , 110    
1085, 7448622, 0      , 0      , 110    , 110    
1086, 7448647, 0      , 0      , 110    , 110    
1087, 7448672, 0      , 0      , 110    , 110    
1088, 7448697, 0      , 0      , 110    , 110    
1089, 7448722, 0      , 0      , 110    , 110    
1090, 7448747, 0      , 0      , 110    , 110    
1091, 7448772, 0      , 0      , 110    , 110    
1092, 7448797, 0      , 0      , 110    , 110    
1093, 7448822, 0      , 0      , 110    , 110    
1094, 7448847, 0      , 0      , 110    , 110    
1095, 7448872, 0      , 0      , 110    , 110    
1096, 7448897, 0      , 0      , 110    , 110    
1097, 7448922, 0      , 0      , 110    , 110    
1098, 7448947, 0      , 0      , 110    , 110    
1099, 7448972, 0      , 0      , 110    , 110    
1100, 7448997, 0      , 0      , 110    , 110    
1101, 7449022, 0      , 0      , 110    , 110    
1102, 7449047, 0      , 0      , 110    , 110    
1103, 7449072, 0      , 0      , 110    , 110    
1104, 7449097, 0      , 0      , 110    , 110    
1105, 7449122, 0      , 0      , 110    , 110    
1106, 7449147, 0      , 0      , 110    , 110    
1107, 7449172, 0      , 0      , 110    , 110    
1108, 7449197, 0      , 0      , 110    , 110    
1109, 7449222, 0      , 0      , 110    , 110    
1110, 7449247, 0      , 0      , 110    , 110    
1111, 7449272, 0      , 0      , 110    , 110    
1112, 7449297, 0      , 0      , 110    , 110    
1113, 7449322, 0      , 0      , 110    , 110    
1114, 7449347, 0      , 0      , 110    , 110    
1115, 7449372, 0      , 0      , 110    , 110    
1116, 7449397, 0      , 0      , 110    , 110    
1117, 7449422, 0      , 0      , 110    , 110    
1118, 7449447, 0      , 0      , 110    , 110    
1119, 7449472, 0      , 0      , 110    , 110    
1120, 7449497, 0      , 0      , 110    , 110    
1121, 7449522, 0      , 0      , 110    , 110    
1122, 7449547, 0      , 0      , 110    , 110    
1123, 7449572, 0      , 0      , 110    , 110    
1124, 7449597, 0      , 0      , 110    , 110    
1125, 7449622, 0      , 0      , 110    , 110    
1126, 7449647, 0      , 0      , 110    , 110    
1127, 7449672, 0      , 0      , 110    , 110    
1128, 7449697, 0      , 0      , 110    , 110    
1129, 7449722, 0      , 0      , 110    , 110    
1130, 7449747, 0      , 0      , 110    , 110    
1131, 7449772, 0      , 0      , 110    , 110    
1132, 7449797, 0      , 0      , 110    , 110    
1133, 7449822, 0      , 0      , 110    , 110    
1134, 7449847, 0      , 0      , 110    , 110    
1135, 7449872, 0      , 0      , 110    , 110    
1136, 7449897, 0      , 0      , 110    , 110    
1137, 7449922, 0      , 0      , 110    , 110    
1138, 7449947, 0      , 0      , 110    , 110    
1139, 7449972, 0      , 0      , 110    , 110    
1140, 7449997, 0      , 0      , 110    , 110    
1141, 7450022, 0      , 0      , 110    , 110    
1142, 7450047, 0      , 0      , 110    , 110    
1143, 7450072, 0      , 0      , 110    , 110    
1144, 7450097, 0      , 0      , 110    , 110    
1145, 7450122, 0      , 0      , 110    , 110    
1146, 7450147, 0      , 0      , 110    , 110    
1147, 7450172, 0      , 0      , 110    , 110    
1148, 7450197, 0      , 0      , 110    , 110    
1149, 7450222, 0      , 0      , 110    , 110    
1150, 7450247, 0      , 0      , 110    , 110    
1151, 7450272, 0      , 0      , 110    , 110    
1152, 7450297, 0      , 0      , 110    , 110    
1153, 7450322, 0      , 0      , 110    , 110    
1154, 7450347, 0      , 0      , 110    , 110    
1155, 7450372, 0      , 0      , 110    , 110    
1156, 7450397, 0      , 0      , 110    , 110    
1157, 7450422, 0      , 0      , 110    , 110    
1158, 7450447, 0      , 0      , 110    , 110    
1159, 7450472, 0      , 0      , 110    , 110    
1160, 7450497, 0      , 0      , 110    , 110    
1161, 7450522, 0      , 0      , 110    , 110    
1162, 7450547, 0      , 0      , 110    , 110    
1163, 7450572, 0      , 0      , 110    , 110    
1164, 7450597, 0      , 0      , 110    , 110    
1165, 7450622, 0      , 0      , 110    , 110    
1166, 7450647, 0      , 0      , 110    , 110    
1167, 7450672, 0      , 0      , 110    , 110    
1168, 7450697, 0      , 0      , 110    , 110    
1169, 7450722, 0      , 0      , 110    , 110    
1170, 7450747, 0      , 0      , 110    , 110    
1171, 7450772, 0      , 0      , 110    , 110    
1172, 7450797, 0      , 0      , 110    , 110    
1173, 7450822, 0      , 0      , 110    , 110    
1174, 7450847, 0      , 0      , 110    , 110    
1175, 7450872, 0      , 0      , 110    , 110    
1176, 7450897, 0      , 0      , 110    , 110    
1177, 7450922, 0      , 0      , 110    , 110    
1178, 7450947, 0      , 0      , 110    , 110    
1179, 7450972, 0      , 0      , 110    , 110    
1180, 7450997, 0      , 0      , 110    , 110    
1181, 7451022, 0      , 0      , 110    , 110    
1182, 7451047, 0      , 0      , 110    , 110    
1183, 7451072, 0      , 0      , 110    , 110    
1184, 7451097, 0      , 0      , 110    , 110    
1185, 7451122, 0      , 0      , 110    , 110    
1186, 7451147, 0      , 0      , 110    , 110    
1187, 7451172, 0      , 0      , 110    , 110    
1188, 7451197, 0      , 0      , 110    , 110    
1189, 7451222, 0      , 0      , 110    , 110    
1190, 7451247, 0      , 0      , 110    , 110    
1191, 7451272, 0      , 0      , 110    , 110    
1192, 7451297, 0      , 0      , 110    , 110    
1193, 7451322, 0      , 0      , 110    , 110    
1194, 7451347, 0      , 0      , 110    , 110    
1195, 7451372, 0      , 0      , 110    , 110    
1196, 7451397, 0      , 0      , 110    , 110    
1197, 7451422, 0      , 0      , 110    , 110    
1198, 7451447, 0      , 0      , 110    , 110    
1199, 7451472, 0      , 0      , 110    , 110    
1200, 7451497, 0      , 0      , 110    , 110    
1201, 7451522, 0      , 0      , 110    , 110    
1202, 7451547, 0      , 0      , 110    , 110    
1203, 7451572, 0      , 0      , 110    , 110    
1204, 7451597, 0      , 0      , 110    , 110    
1205, 7451622, 0      , 0      , 110    , 110    
1206, 7451647, 0      , 0      , 110    , 110    
1207, 7451672, 0      , 0      , 110    , 110    
1208, 7451697, 0      , 0      , 110    , 110    
1209, 7451722, 0      , 0      , 110    , 110    
1210, 7451747, 0      , 0      , 110    , 110    
1211, 7451772, 0      , 0      , 110    , 110    
1212, 7451797, 0      , 0      , 110    , 110    
1213, 7451822, 0      , 0      , 110    , 110    
1214, 7451847, 0      , 0      , 110    , 110    
1215, 7451872, 0      , 0      , 110    , 110    
1216, 7451897, 0      , 0      , 110    , 110    
1217, 7451922, 0      , 0      , 110    , 110    
1218, 7451947, 0      , 0      , 110    , 110    
1219, 7451972, 0      , 0      , 110    , 110    
1220, 7451997, 0      , 0      , 110    , 110    
1221, 7452022, 0      , 0      , 110    , 110    
1222, 7452047, 0      , 0      , 110    , 110    
1223, 7452072, 0      , 0      , 110    , 110    
1224, 7452097, 0      , 0      , 110    , 110    
1225, 7452122, 0      , 0      , 110    , 110    
1226, 7452147, 0      , 0      , 110    , 110    
1227, 7452172, 0      , 0      , 110    , 110    
1228, 7452197, 0      , 0      , 110    , 110    
1229, 7452222, 0      , 0      , 110    , 110    
1230, 7452247, 0      , 0      , 110    , 110    
1231, 7452272, 0      , 0      , 110    , 110    
1232, 7452297, 0      , 0      , 110    , 110    
1233, 7452322, 0      , 0      , 110    , 110    
1234, 7452347, 0      , 0      , 110    , 110    
1235, 7452372, 0      , 0      , 110    , 110    
1236, 7452397, 0      , 0      , 110    , 110    
1237, 7452422, 0      , 0      , 110    , 110    
1238, 7452447, 0      , 0      , 110    , 110    
1239, 7452472, 0      , 0      , 110    , 110    
1240, 7452497, 0      , 0      , 110    , 110    
1241, 7452522, 0      , 0      , 110    , 110    
1242, 7452547, 0      , 0      , 110    , 110    
1243, 7452572, 0      , 0      , 110    , 110    
1244, 7452597, 0      , 0      , 110    , 110    
1245, 7452622, 0      , 0      , 110    , 110    
1246, 7452647, 0      , 0      , 110    , 110    
1247, 7452672, 0      , 0      , 110    , 110    
1248, 7452697, 0      , 0      , 110    , 110    
1249, 7452722, 0      , 0      , 110    , 110    
1250, 7452747, 0      , 0      , 110    , 110    
1251, 7452772, 0      , 0      , 110    , 110    
1252, 7452797, 0      , 0      , 110    , 110    
1253, 7452822, 0      , 0      , 110    , 110    
1254, 7452847, 0      , 0      , 110    , 110    
1255, 7452872, 0      , 0      , 110    , 110    
1256, 7452897, 0      , 0      , 110    , 110    
1257, 7452922, 0      , 0      , 110    , 110    
1258, 7452947, 0      , 0      , 110    , 110    
1259, 7452972, 0      , 0      , 110    , 110    
1260, 7452997, 0      , 0      , 110    , 110    
1261, 7453022, 0      , 0      , 110    , 110    
1262, 7453047, 0      , 0      , 110    , 110    
1263, 7453072, 0      , 0      , 110    , 110    
1264, 7453097, 0      , 0      , 110    , 110    
1265, 7453122, 0      , 0      , 110    , 110    
1266, 7453147, 0      , 0      , 110    , 110    
1267, 7453172, 0      , 0      , 110    , 110    
1268, 7453197, 0      , 0      , 110    , 110    
1269, 7453222, 0      , 0      , 110    , 110    
1270, 7453247, 0      , 0      , 110    , 110    
1271, 7453272, 0      , 0      , 110    , 110    
1272, 7453297, 0      , 0      , 110    , 110    
1273, 7453322, 0      , 0      , 110    , 110    
1274, 7453347, 0      , 0      , 110    , 110    
1275, 7453372, 0      , 0      , 110    , 110    
1276, 7453397, 0      , 0      , 110    , 110    
1277, 7453422, 0      , 0      , 110    , 110    
1278, 7453447, 0      , 0      , 110    , 110    
1279, 7453472, 0      , 0      , 110    , 110    
1280, 7453497, 0      , 0      , 110    , 110    
1281, 7453522, 0      , 0      , 110    , 110    
1282, 7453547, 0      , 0      , 110    , 110    
1283, 7453572, 0      , 0      , 110    , 110    
1284, 7453597, 0      , 0      , 110    , 110    
1285, 7453622, 0      , 0      , 110    , 110    
1286, 7453647, 0      , 0      , 110    , 110    
1287, 7453672, 0      , 0      , 110    , 110    
1288, 7453697, 0      , 0      , 110    , 110    
1289, 7453722, 0      , 0      , 110    , 110    
1290, 7453747, 0      , 0      , 110    , 110    
1291, 7453772, 0      , 0      , 110    , 110    
1292, 7453797, 0      , 0      , 110    , 110    
1293, 7453822, 0      , 0      , 110    , 110    
1294, 7453847, 0      , 0      , 110    , 110    
1295, 7453872, 0      , 0      , 110    , 110    
1296, 7453897, 0      , 0      , 110    , 110    
1297, 7453922, 0      , 0      , 110    , 110    
1298, 7453947, 0      , 0      , 110    , 110    
1299, 7453972, 0      , 0      , 110    , 110    
1300, 7453997, 0      , 0      , 110    , 110    
1301, 7454022, 0      , 0      , 110    , 110    
1302, 7454047, 0      , 0      , 110    , 110    
1303, 7454072, 0      , 0      , 110    , 110    
1304, 7454097, 0      , 0      , 110    , 110    
1305, 7454122, 0      , 0      , 110    , 110    
1306, 7454147, 0      , 0      , 110    , 110    
1307, 7454172, 0      , 0      , 110    , 110    
1308, 7454197, 0      , 0      , 110    , 110    
1309, 7454222, 0      , 0      , 110    , 110    
1310, 7454247, 0      , 0      , 110    , 110    
1311, 7454272, 0      , 0      , 110    , 110    
1312, 7454297, 0      , 0      , 110    , 110    
1313, 7454322, 0      , 0      , 110    , 110    
1314, 7454347, 0      , 0      , 110    , 110    
1315, 7454372, 0      , 0      , 110    , 110    
1316, 7454397, 0      , 0      , 110    , 110    
1317, 7454422, 0      , 0      , 110    , 110    
1318, 7454447, 0      , 0      , 110    , 110    
1319, 7454472, 0      , 0      , 110    , 110    
1320, 7454497, 0      , 0      , 110    , 110    
1321, 7454522, 0      , 0      , 110    , 110    
1322, 7454547, 0      , 0      , 110    , 110    
1323, 7455622, 36     , 38     , 110    , 110    
1324, 7455647, 53     , 55     , 110    , 110    
1325, 7455672, 53     , 55     , 110    , 110    
1326, 7455697, 53     , 55     , 110    , 110    
1327, 7455722, 53     , 55     , 110    , 110    
1328, 7455747, 66     , 71     , 110    , 110    
1329, 7455772, 66     , 71     , 110    , 110    
1330, 7455797, 66     , 71     , 110    , 110    
1331, 7455822, 66     , 71     , 110    , 110    
1332, 7455847, 80     , 88     , 110    , 110    
1333, 7455872, 80     , 88     , 110    , 110    
1334, 7455897, 80     , 88     , 110    , 110    
1335, 7455922, 80     , 88     , 110    , 110    
1336, 7455947, 96     , 103    , 110    , 110    
1337, 7455972, 96     , 103    , 110    , 110    
1338, 7455997, 96     , 103    , 110    , 110    
1339, 7456022, 96     , 103    , 110    , 110    
1340, 7456047, 106    , 116    , 110    , 110    
1341, 7456072, 106    , 116    , 110    , 110    
1342, 7456097, 106    , 116    , 110    , 110    
1343, 7456122, 106    , 116    , 110    , 110    
1344, 7456147, 118    , 130    , 110    , 110    
1345, 7456172, 118    , 130    , 110    , 110    
1346, 7456197, 118    , 130    , 110    , 110    
1347, 7456222, 118    , 130    , 110    , 110    
1348, 7456247, 131    , 141    , 110    , 110    
1349, 7456272, 131    , 141    , 110    , 110    
1350, 7456297, 131    , 141    , 110    , 110    
1351, 7456322, 131    , 141    , 110    , 110    
1352, 7456347, 141    , 153    , 110    , 110    
1353, 7456372, 141    , 153    , 110    , 110    
1354, 7456397, 141    , 153    , 110    , 110    
1355, 7456422, 141    , 153    , 110    , 110    
1356, 7456447, 151    , 161    , 110    , 110    
1357, 7456472, 151    , 161    , 110    , 110    
1358, 7456497, 151    , 161    , 110    , 110    
1359, 7456522, 151    , 161    , 110    , 110    
1360, 7456547, 158    , 173    , 110    , 110    
1361, 7456572, 158    , 173    , 110    , 110    
1362, 7456597, 158    , 173    , 110    , 110    
1363, 7456622, 158    , 173    , 110    , 110    
1364, 7456647, 168    , 180    , 110    , 110    
1365, 7456672, 168    , 180    , 110    , 110    
1366, 7456697, 168    , 180    , 110    , 110    
1367, 7456722, 168    , 180    , 110    , 110    
1368, 7456747, 175    , 188    , 110    , 110    
1369, 7456772, 175    , 188    , 110    , 110    
1370, 7456797, 175    , 188    , 110    , 110    
1371, 7456822, 175    , 188    , 110    , 110    
1372, 7456847, 181    , 198    , 110    , 110    
1373, 7456872, 181    , 198    , 110    , 110    
1374, 7456897, 181    , 198    , 110    , 110    
1375, 7456922, 181    , 198    , 110    , 110    
1376, 7456947, 190    , 203    , 110    , 110    
1377, 7456972, 190    , 203    , 110    , 110    
1378, 7456997, 190    , 203    , 110    , 110    
1379, 7457022, 190    , 203    , 110    , 110    
1380, 7457047, 200    , 210    , 110    , 110    
1381, 7457072, 200    , 210    , 110    , 110    
1382, 7457097, 200    , 210    , 110    , 110    
1383, 7457122, 200    , 210    , 110    , 110    
1384, 7457147, 201    , 220    , 110    , 110    
1385, 7457172, 201    , 220    , 110    , 110    
1386, 7457197, 201    , 220    , 110    , 110    
1387, 7457222, 201    , 220    , 110    , 110    
1388, 7457247, 210    , 223    , 110    , 110    
1389, 7457272, 210    , 223    , 110    , 110    
1390, 7457297, 210    , 223    , 110    , 110    
1391, 7457322, 210    , 223    , 110    , 110    
1392, 7457347, 215    , 235    , 110    , 110    
1393, 7457372, 215    , 235    , 110    , 110    
1394, 7457397, 215    , 235    , 110    , 110    
1395, 7457422, 215    , 235    , 110    , 110    
1396, 7457447, 220    , 236    , 110    , 110    
1397, 7457472, 220    , 236    , 110    , 110    
1398, 7457497, 220    , 236    , 110    , 110    
1399, 7457522, 220    , 236    , 110    , 110    
1400, 7457547, 223    , 243    , 110    , 110    
1401, 7457572, 223    , 243    , 110    , 110    
1402, 7457597, 223    , 243    , 110    , 110    
1403, 7457622, 223    , 243    , 110    , 110    
1404, 7457647, 230    , 253    , 110    , 110    
1405, 7457672, 230    , 253    , 110    , 110    
1406, 7457697, 230    , 253    , 110    , 110    
1407, 7457722, 230    , 253    , 110    , 110    
1408, 7457747, 235    , 253    , 110    , 110    
1409, 7457772, 235    , 253    , 110    , 110    
1410, 7457797, 235    , 253    , 110    , 110    
1411, 7457822, 235    , 253    , 110    , 110    
1412, 7457847, 240    , 260    , 110    , 110    
1413, 7457872, 240    , 260    , 110    , 110    
1414, 7457897, 240    , 260    , 110    , 110    
1415, 7457922, 240    , 260    , 110    , 110    
1416, 7457947, 245    , 266    , 110    , 110    
1417, 7457972, 245    , 266    , 110    , 110    
1418, 7457997, 245    , 266    , 110    , 110    
1419, 7458022, 245    , 266    , 110    , 110    
1420, 7458047, 248    , 270    , 110    , 110    
1421, 7458072, 248    , 270    , 110    , 110    
1422, 7458097, 248    , 270    , 110    , 110    
1423, 7458122, 248    , 270    , 110    , 110    
1424, 7458147, 251    , 276    , 110    , 110    
1425, 7458172, 251    , 276    , 110    , 110    
1426, 7458197, 251    , 276    , 110    , 110    
1427, 7458222, 260    , 283    , 110    , 110    
1428, 7458247, 308    , 350    , 110    , 110    
1429, 7458272, 350    , 358    , 110    , 110    
1430, 7458297, 325    , 366    , 110    , 110    
1431, 7458322, 350    , 375    , 110    , 110    
1432, 7458347, 366    , 383    , 110    , 110    
1433, 7458372, 358    , 400    , 110    , 110    
1434, 7458397, 358    , 400    , 110    , 110    
1435, 7458422, 358    , 400    , 110    , 110    
1436, 7458447, 358    , 400    , 110    , 110    
1437, 7458472, 306    , 331    , 110    , 105    
1438, 7458497, 306    , 331    , 110    , 105    
1439, 7458522, 306    , 331    , 110    , 105    
1440, 7458547, 306    , 331    , 110    , 105    
1441, 7458572, 335    , 355    , 110    , 110    
1442, 7458597, 335    , 355    , 110    , 110    
1443, 7458622, 335    , 355    , 110    , 110    
1444, 7458647, 335    , 355    , 110    , 110    
1445, 7458672, 356    , 380    , 103    , 104    
1446, 7458697, 356    , 380    , 103    , 104    
1447, 7458722, 356    , 380    , 103    , 104    
1448, 7458747, 356    , 380    , 103    , 104    
1449, 7458772, 378    , 400    , 99     , 97     
1450, 7458797, 378    , 400    , 99     , 97     
1451, 7458822, 378    , 400    , 99     , 97     
1452, 7458847, 378    , 400    , 99     , 97     
1453, 7458872, 403    , 420    , 93     , 90     
1454, 7458897, 403    , 420    , 93     , 90     
1455, 7458922, 403    , 420    , 93     , 90     
1456, 7458947, 403    , 420    , 93     , 90     
1457, 7458972, 413    , 438    , 85     , 83     
1458, 7458997, 413    , 438    , 85     , 83     
1459, 7459022, 413    , 438    , 85     , 83     
1460, 7459047, 413    , 438    , 85     , 83     
1461, 7459072, 435    , 453    , 82     , 76     
1462, 7459097, 435    , 453    , 82     , 76     
1463, 7459122, 435    , 453    , 82     , 76     
1464, 7459147, 435    , 453    , 82     , 76     
1465, 7459172, 448    , 465    , 74     , 69     
1466, 7459197, 448    , 465    , 74     , 69     
1467, 7459222, 448    , 465    , 74     , 69     
1468, 7459247, 448    , 465    , 74     , 69     
1469, 7459272, 456    , 470    , 60     , 54     
1470, 7459297, 456    , 470    , 60     , 54     
1471, 7459322, 456    , 470    , 60     , 54     
1472, 7459347, 456    , 470    , 60     , 54     
1473, 7459372, 463    , 473    , 50     , 45     
1474, 7459397, 463    , 473    , 50     , 45     
1475, 7459422, 463    , 473    , 50     , 45     
1476, 7459447, 463    , 473    , 50     , 45     
1477, 7459472, 460    , 473    , 40     , 37     
1478, 7459497, 460    , 473    , 40     , 37     
1479, 7459522, 460    , 473    , 40     , 37     
1480, 7459547, 460    , 473    , 40     , 37     
1481, 7459572, 460    , 473    , 40     , 32     
1482, 7459597, 460    , 473    , 40     , 32     
1483, 7459622, 460    , 473    , 40     , 32     
1484, 7459647, 460    , 473    , 40     , 32     
1485, 7459672, 456    , 470    , 37     , 27     
1486, 7459697, 456    , 470    , 37     , 27     
1487, 7459722, 456    , 470    , 37     , 27     
1488, 7459747, 456    , 470    , 37     , 27     
1489, 7459772, 453    , 466    , 38     , 25     
1490, 7459797, 453    , 466    , 38     , 25     
1491, 7459822, 453    , 466    , 38     , 25     
1492, 7459847, 453    , 466    , 38     , 25     
1493, 7459872, 446    , 463    , 39     , 25     
1494, 7459897, 446    , 463    , 39     , 25     
1495, 7459922, 446    , 463    , 39     , 25     
1496, 7459947, 446    , 463    , 39     , 25     
1497, 7459972, 448    , 461    , 45     , 25     
1498, 7459997, 448    , 461    , 45     , 25     
1499, 7460022, 448    , 461    , 45     , 25     
1500, 7460047, 448    , 461    , 45     , 25     
1501, 7460072, 445    , 455    , 42     , 23     
1502, 7460097, 445    , 455    , 42     , 23     
1503, 7460122, 445    , 455    , 42     , 23     
1504, 7460147, 445    , 455    , 42     , 23     
1505, 7460172, 440    , 455    , 44     , 27     
1506, 7460197, 440    , 455    , 44     , 27     
1507, 7460222, 440    , 455    , 44     , 27     
1508, 7460247, 440    , 455    , 44     , 27     
1509, 7460272, 441    , 445    , 44     , 25     
1510, 7460297, 441    , 445    , 44     , 25     
1511, 7460322, 441    , 445    , 44     , 25     
1512, 7460347, 441    , 445    , 44     , 25     
1513, 7460372, 438    , 440    , 48     , 34     
1514, 7460397, 438    , 440    , 48     , 34     
1515, 7460422, 438    , 440    , 48     , 34     
1516, 7460447, 438    , 440    , 48     , 34     
1517, 7460472, 436    , 435    , 51     , 34     
1518, 7460497, 436    , 435    , 51     , 34     
1519, 7460522, 436    , 435    , 51     , 34     
1520, 7460547, 436    , 435    , 51     , 34     
1521, 7460572, 363    , 351    , 53     , 44     
1522, 7460597, 363    , 351    , 53     , 44     
1523, 7460622, 363    , 351    , 53     , 44     
1524, 7460647, 363    , 351    , 53     , 44     
1525, 7460672, 356    , 346    , 110    , 110    
1526, 7460697, 356    , 346    , 110    , 110    
1527, 7460722, 356    , 346    , 110    , 110    
1528, 7460747, 356    , 346    , 110    , 110    
1529, 7460772, 365    , 353    , 110    , 110    
1530, 7460797, 365    , 353    , 110    , 110    
1531, 7460822, 365    , 353    , 110    , 110    
1532, 7460847, 365    , 353    , 110    , 110    
1533, 7460872, 385    , 378    , 110    , 110    
1534, 7460897, 385    , 378    , 110    , 110    
1535, 7460922, 385    , 378    , 110    , 110    
1536, 7460947, 385    , 378    , 110    , 110    
1537, 7460972, 406    , 396    , 99     , 95     
1538, 7460997, 406    , 396    , 99     , 95     
1539, 7461022, 406    , 396    , 99     , 95     
1540, 7461047, 406    , 396    , 99     , 95     
1541, 7461072, 423    , 421    , 84     , 84     
1542, 7461097, 423    , 421    , 84     , 84     
1543, 7461122, 423    , 421    , 84     , 84     
1544, 7461147, 423    , 421    , 84     , 84     
1545, 7461172, 438    , 435    , 70     , 63     
1546, 7461197, 438    , 435    , 70     , 63     
1547, 7461222, 438    , 435    , 70     , 63     
1548, 7461247, 438    , 435    , 70     , 63     
1549, 7461272, 451    , 450    , 56     , 50     
1550, 7461297, 451    , 450    , 56     , 50     
1551, 7461322, 451    , 450    , 56     , 50     
1552, 7461347, 451    , 450    , 56     , 50     
1553, 7461372, 455    , 451    , 42     , 34     
1554, 7461397, 455    , 451    , 42     , 34     
1555, 7461422, 455    , 451    , 42     , 34     
1556, 7461447, 455    , 451    , 42     , 34     
1557, 7461472, 385    , 386    , 36     , 32     
1558, 7461497, 385    , 386    , 36     , 32     
1559, 7461522, 385    , 386    , 36     , 32     
1560, 7461547, 385    , 386    , 36     , 32     
1561, 7461572, 370    , 373    , 110    , 102    
1562, 7461597, 370    , 373    , 110    , 102    
1563, 7461622, 370    , 373    , 110    , 102    
1564, 7461647, 370    , 373    , 110    , 102    
1565, 7461672, 376    , 376    , 110    , 110    
1566, 7461697, 376    , 376    , 110    , 110    
1567, 7461722, 376    , 376    , 110    , 110    
1568, 7461747, 376    , 376    , 110    , 110    
1569, 7461772, 395    , 396    , 110    , 110    
1570, 7461799, 395    , 396    , 110    , 110    
1571, 7461824, 395    , 396    , 110    , 110    
1572, 7461849, 395    , 396    , 110    , 110    
1573, 7461874, 411    , 415    , 98     , 97     
1574, 7461899, 411    , 415    , 98     , 97     
1575, 7461924, 411    , 415    , 98     , 97     
1576, 7461949, 411    , 415    , 98     , 97     
1577, 7461974, 350    , 353    , 87     , 82     
1578, 7461999, 350    , 353    , 87     , 82     
1579, 7462024, 350    , 353    , 87     , 82     
1580, 7462049, 350    , 353    , 87     , 82     
1581, 7462074, 376    , 378    , 110    , 110    
1582, 7462099, 376    , 378    , 110    , 110    
1583, 7462124, 376    , 378    , 110    , 110    
1584, 7462149, 376    , 378    , 110    , 110    
1585, 7462174, 396    , 396    , 94     , 95     
1586, 7462199, 396    , 396    , 94     , 95     
1587, 7462224, 396    , 396    , 94     , 95     
1588, 7462249, 396    , 396    , 94     , 95     
1589, 7462274, 413    , 418    , 82     , 84     
1590, 7462299, 413    , 418    , 82     , 84     
1591, 7462324, 413    , 418    , 82     , 84     
1592, 7462349, 413    , 418    , 82     , 84     
1593, 7462374, 430    , 433    , 70     , 66     
1594, 7462399, 430    , 433    , 70     , 66     
1595, 7462424, 430    , 433    , 70     , 66     
1596, 7462449, 430    , 433    , 70     , 66     
1597, 7462474, 441    , 448    , 55     , 53     
1598, 7462499, 441    , 448    , 55     , 53     
1599, 7462524, 441    , 448    , 55     , 53     
1600, 7462549, 441    , 448    , 55     , 53     
1601, 7462574, 445    , 448    , 45     , 37     
1602, 7462599, 445    , 448    , 45     , 37     
1603, 7462624, 445    , 448    , 45     , 37     
1604, 7462649, 445    , 448    , 45     , 37     
1605, 7462674, 443    , 451    , 40     , 36     
1606, 7462699, 443    , 451    , 40     , 36     
1607, 7462724, 443    , 451    , 40     , 36     
1608, 7462749, 443    , 451    , 40     , 36     
1609, 7462774, 441    , 450    , 42     , 32     
1610, 7462799, 441    , 450    , 42     , 32     
1611, 7462824, 441    , 450    , 42     , 32     
1612, 7462849, 441    , 450    , 42     , 32     
1613, 7462874, 415    , 423    , 43     , 31     
1614, 7462899, 415    , 423    , 43     , 31     
1615, 7462924, 415    , 423    , 43     , 31     
1616, 7462949, 415    , 423    , 43     , 31     
1617, 7462974, 356    , 363    , 72     , 60     
1618, 7462999, 356    , 363    , 72     , 60     
1619, 7463024, 356    , 363    , 72     , 60     
1620, 7463049, 356    , 363    , 72     , 60     
1621, 7463074, 363    , 365    , 110    , 110    
1622, 7463099, 363    , 365    , 110    , 110    
1623, 7463124, 363    , 365    , 110    , 110    
1624, 7463149, 363    , 365    , 110    , 110    
1625, 7463174, 375    , 375    , 110    , 110    
1626, 7463199, 375    , 375    , 110    , 110    
1627, 7463224, 375    , 375    , 110    , 110    
1628, 7463249, 375    , 375    , 110    , 110    
1629, 7463274, 395    , 396    , 108    , 110    
1630, 7463299, 395    , 396    , 108    , 110    
1631, 7463324, 395    , 396    , 108    , 110    
1632, 7463349, 395    , 396    , 108    , 110    
1633, 7463374, 413    , 413    , 96     , 96     
1634, 7463399, 413    , 413    , 96     , 96     
1635, 7463424, 413    , 413    , 96     , 96     
1636, 7463449, 413    , 413    , 96     , 96     
1637, 7463474, 426    , 431    , 83     , 84     
1638, 7463499, 426    , 431    , 83     , 84     
1639, 7463524, 426    , 431    , 83     , 84     
1640, 7463549, 426    , 431    , 83     , 84     
1641, 7463574, 445    , 450    , 72     , 68     
1642, 7463599, 445    , 450    , 72     , 68     
1643, 7463624, 445    , 450    , 72     , 68     
1644, 7463649, 445    , 450    , 72     , 68     
1645, 7463674, 451    , 455    , 54     , 48     
1646, 7463699, 451    , 455    , 54     , 48     
1647, 7463724, 451    , 455    , 54     , 48     
1648, 7463749, 451    , 455    , 54     , 48     
1649, 7463774, 456    , 465    , 46     , 41     
1650, 7463799, 456    , 465    , 46     , 41     
1651, 7463824, 456    , 465    , 46     , 41     
1652, 7463849, 456    , 465    , 46     , 41     
1653, 7463874, 458    , 463    , 39     , 28     
1654, 7463899, 458    , 463    , 39     , 28     
1655, 7463924, 458    , 463    , 39     , 28     
1656, 7463949, 458    , 463    , 39     , 28     
1657, 7463974, 451    , 461    , 34     , 26     
1658, 7463999, 451    , 461    , 34     , 26     
1659, 7464024, 451    , 461    , 34     , 26     
1660, 7464049, 451    , 461    , 34     , 26     
1661, 7464074, 453    , 456    , 39     , 25     
1662, 7464099, 453    , 456    , 39     , 25     
1663, 7464124, 453    , 456    , 39     , 25     
1664, 7464149, 453    , 456    , 39     , 25     
1665, 7464174, 441    , 456    , 36     , 27     
1666, 7464199, 441    , 456    , 36     , 27     
1667, 7464224, 441    , 456    , 36     , 27     
1668, 7464249, 441    , 456    , 36     , 27     
1669, 7464274, 443    , 451    , 47     , 25     
1670, 7464299, 443    , 451    , 47     , 25     
1671, 7464324, 443    , 451    , 47     , 25     
1672, 7464349, 443    , 451    , 47     , 25     
1673, 7464374, 438    , 448    , 44     , 28     
1674, 7464399, 438    , 448    , 44     , 28     
1675, 7464424, 438    , 448    , 44     , 28     
1676, 7464449, 438    , 448    , 44     , 28     
1677, 7464474, 436    , 443    , 49     , 30     
1678, 7464499, 436    , 443    , 49     , 30     
1679, 7464524, 436    , 443    , 49     , 30     
1680, 7464549, 436    , 443    , 49     , 30     
1681, 7464574, 440    , 443    , 52     , 34     
1682, 7464599, 440    , 443    , 52     , 34     
1683, 7464624, 440    , 443    , 52     , 34     
1684, 7464649, 440    , 443    , 52     , 34     
1685, 7464674, 436    , 436    , 52     , 34     
1686, 7464699, 436    , 436    , 52     , 34     
1687, 7464724, 436    , 436    , 52     , 34     
1688, 7464749, 436    , 436    , 52     , 34     
1689, 7464774, 436    , 433    , 53     , 41     
1690, 7464799, 436    , 433    , 53     , 41     
1691, 7464824, 436    , 433    , 53     , 41     
1692, 7464849, 436    , 433    , 53     , 41     
1693, 7464874, 436    , 431    , 53     , 45     
1694, 7464899, 436    , 431    , 53     , 45     
1695, 7464924, 436    , 431    , 53     , 45     
1696, 7464949, 436    , 431    , 53     , 45     
1697, 7464974, 438    , 431    , 54     , 48     
1698, 7464999, 438    , 431    , 54     , 48     
1699, 7465024, 438    , 431    , 54     , 48     
1700, 7466299, 373    , 388    , 110    , 110    
1701, 7466324, 373    , 388    , 110    , 110    
1702, 7466349, 373    , 388    , 110    , 110    
1703, 7466374, 361    , 378    , 110    , 110    
1704, 7466399, 361    , 378    , 110    , 110    
1705, 7466424, 361    , 378    , 110    , 110    
1706, 7466449, 361    , 378    , 110    , 110    
1707, 7466474, 346    , 361    , 110    , 110    
1708, 7466499, 346    , 361    , 110    , 110    
1709, 7466524, 346    , 361    , 110    , 110    
1710, 7466549, 346    , 361    , 110    , 110    
1711, 7466574, 338    , 356    , 110    , 110    
1712, 7466599, 338    , 356    , 110    , 110    
1713, 7466624, 338    , 356    , 110    , 110    
1714, 7466649, 338    , 356    , 110    , 110    
1715, 7466674, 320    , 346    , 110    , 110    
1716, 7466699, 320    , 346    , 110    , 110    
1717, 7466724, 320    , 346    , 110    , 110    
1718, 7466749, 320    , 346    , 110    , 110    
1719, 7466774, 315    , 333    , 110    , 110    
1720, 7466799, 315    , 333    , 110    , 110    
1721, 7466824, 315    , 333    , 110    , 110    
1722, 7466849, 315    , 333    , 110    , 110    
1723, 7466874, 300    , 323    , 110    , 110    
1724, 7466899, 300    , 323    , 110    , 110    
1725, 7466924, 300    , 323    , 110    , 110    
1726, 7466949, 300    , 323    , 110    , 110    
1727, 7466974, 290    , 315    , 110    , 110    
1728, 7466999, 290    , 315    , 110    , 110    
1729, 7467024, 290    , 315    , 110    , 110    
1730, 7467049, 290    , 315    , 110    , 110    
1731, 7467074, 276    , 308    , 110    , 110    
1732, 7467099, 276    , 308    , 110    , 110    
1733, 7467124, 276    , 308    , 110    , 110    
1734, 7467149, 276    , 308    , 110    , 110    
1735, 7467174, 268    , 295    , 110    , 110    
1736, 7467199, 268    , 295    , 110    , 110    
1737, 7467224, 268    , 295    , 110    , 110    
1738, 7467249, 268    , 295    , 110    , 110    
1739, 7467274, 253    , 285    , 110    , 110    
1740, 7467299, 253    , 285    , 110    , 110    
1741, 7467324, 253    , 285    , 110    , 110    
1742, 7467349, 253    , 285    , 110    , 110    
1743, 7467374, 245    , 276    , 110    , 110    
1744, 7467399, 245    , 276    , 110    , 110    
1745, 7467424, 245    , 276    , 110    , 110    
1746, 7467449, 245    , 276    , 110    , 110    
1747, 7467474, 235    , 265    , 110    , 110    
1748, 7467499, 235    , 265    , 110    , 110    
1749, 7467524, 235    , 265    , 110    , 110    
1750, 7467549, 235    , 265    , 110    , 110    
1751, 7467574, 220    , 258    , 110    , 110    
1752, 7467599, 220    , 258    , 110    , 110    
1753, 7467624, 220    , 258    , 110    , 110    
1754, 7467649, 220    , 258    , 110    , 110    
1755, 7467674, 216    , 250    , 110    , 110    
1756, 7467699, 216    , 250    , 110    , 110    
1757, 7467724, 216    , 250    , 110    , 110    
1758, 7467749, 216    , 250    , 110    , 110    
1759, 7467774, 196    , 238    , 110    , 110    
1760, 7467799, 196    , 238    , 110    , 110    
1761, 7467824, 196    , 238    , 110    , 110    
1762, 7467849, 196    , 238    , 110    , 110    
1763, 7467874, 190    , 231    , 110    , 110    
1764, 7467899, 190    , 231    , 110    , 110    
1765, 7467924, 190    , 231    , 110    , 110    
1766, 7467949, 190    , 231    , 110    , 110    
1767, 7467974, 180    , 220    , 110    , 110    
1768, 7467999, 180    , 220    , 110    , 110    
1769, 7468024, 180    , 220    , 110    , 110    
1770, 7468049, 180    , 220    , 110    , 110    
1771, 7468074, 168    , 213    , 110    , 110    
1772, 7468099, 168    , 213    , 110    , 110    
1773, 7468124, 168    , 213    , 110    , 110    
1774, 7468149, 168    , 213    , 110    , 110    
1775, 7468174, 160    , 201    , 110    , 110    
1776, 7468199, 160    , 201    , 110    , 110    
1777, 7468224, 160    , 201    , 110    , 110    
1778, 7468249, 160    , 201    , 110    , 110    
1779, 7468274, 148    , 195    , 110    , 110    
1780, 7468299, 148    , 195    , 110    , 110    
1781, 7468324, 148    , 195    , 110    , 110    
1782, 7468349, 148    , 195    , 110    , 110    
1783, 7468374, 140    , 186    , 110    , 110    
1784, 7468399, 140    , 186    , 110    , 110    
1785, 7468424, 140    , 186    , 110    , 110    
1786, 7468449, 140    , 186    , 110    , 110    
1787, 7468474, 128    , 176    , 110    , 110    
1788, 7468499, 128    , 176    , 110    , 110    
1789, 7468524, 128    , 176    , 110    , 110    
1790, 7468549, 128    , 176    , 110    , 110    
1791, 7468574, 118    , 170    , 110    , 110    
1792, 7468599, 118    , 170    , 110    , 110    
1793, 7468624, 118    , 170    , 110    , 110    
